|RXN-20456|
|RXN-22155|
|RXN-17925|
|RXN-13477|
|RXN-9201|
|RXN-6321|
|RXN0-963|
|RXN-18392|
|RXN-14390|
|RXN66-348|
|RXN-4321|
|RXN-15716|
|RXN-21527|
|RXN-11907|
|RXN0-5409|
|RXN-7580|
|RXN-8487|
|RXN-10895|
|RXN-9103|
|RXN-13365|
|RXN-12244|
|RXN-19435|
|RXN-9640|
|RXN-8018|
|RXN-12408|
|RXN-16910|
|3.1.1.--RXN|
|RXN-8223|
|RXN-19084|
|RXN-13039|
|RXN-12906|
|RXN-19716|
|RXNQT-4356|
|RXN-8692|
|RXN-11808|
|RXN-9444|
|RXN-15969|
|RXN-12552|
|RXN-17900|
|RXN-10956|
|RXN0-6442|
|RXN-9185|
|RXN-1181|
|RXN-16814|
|RXN-21423|
|RXN-19984|
|RXN-14256|
|RXN-21127|
|RXN-10682|
|RXN-17334|
|RXN-18866|
|RXN-21108|
|RXN-14759|
|RXN-10015|
|RXN-7487|
|RXN-18707|
|RXN-17482|
|RXN-14891|
|RXN-21008|
|RXN-13160|
|RXN-6581|
|RXN-17972|
|RXN-20877|
|RXN-17075|
|RXN-21577|
|RXN66-493|
|RXN-12880|
|RXN-8923|
|RXN-8671|
|RXN0-5057|
|RXN-14813|
|CHOLINE-OXIDASEII-RXN|
|RXN-22928|
|RXN-13244|
|RXN-10779|
|RXN-11169|
|RXN-10935|
|RXN-9427|
|RXN-20944|
|RXN-16725|
|RXN-11255|
|RXN-19964|
|RXN-18351|
|RXN-11403|
|RXN-2502|
|RXN-21488|
|RXN-12132|
|RXN-17461|
|RXN-20019|
|RXN-9063|
|RXN-16470|
|RXN-18207|
|RXN-22365|
|RXN-21307|
|RXN-16319|
|RXN-22532|
|RXN-21545|
|RXN-15234|
|RXN-19839|
|RXN-19809|
|RXN-12859|
|RXN-8642|
|RXN-8899|
|RXN-18420|
|RXN-19489|
|RXN-16690|
|RXN-8508|
|RXN-22343|
|RXN-19675|
|RXN-13415|
|ISOAMYL-RXN|
|RXN-9152|
|RXN-16236|
|RXN-13360|
|RXN-19219|
|RXN-9690|
|RXN-19365|
|RXN-20211|
|RXN66-607|
|RXN-19937|
|RXN-11234|
|RXN-12108|
|RXN-14215|
|RXN-21464|
|RXN0-7188|
|RXN-7248|
|RXN-18189|
|RXN-9047|
|RXN-18678|
|RXN-17752|
|RXN-17931|
|RXN-21289|
|RXN-21000|
|RXN-8150|
|RXN-18344|
|RXN185E-10|
|RXN-11762|
|RXN-21408|
|RXN-15217|
|RXN-8870|
|RXN-21198|
|RXN-13647|
|RXN-15721|
|RXN-18731|
|RXN-21124|
|RXN-22312|
|RXN-19659|
|RXN-8491|
|RXN-21105|
|RXN-10899|
|RXN-9130|
|RXN-20900|
|RXN-12251|
|RXN-14615|
|RXN-8022|
|RXN-19338|
|RXN-20862|
|RXN-17656|
|RXN-12753|
|RXN-17027|
|RXN-5321|
|RXN-11206|
|RXN-9448|
|RXN-21434|
|RXN-18172|
|RXN-13283|
|RXN-16905|
|RXN-20460|
|RXN-17911|
|RXN-22925|
|RXN-623|
|RXN-19258|
|RXN-8408|
|RXN-20757|
|RXN-20317|
|RXN-22752|
|RXN-13093|
|RXN-8107|
|RXN-11275|
|RXN-15194|
|RXN-13631|
|RXN66-332|
|RXN-2884|
|RXN-22661|
|RXN-18232|
|RXN-15915|
|RXN-18875|
|RXN-19633|
|RXN-10019|
|RXN-9371|
|RXN-13345|
|RXN-13167|
|RXN-10883|
|RXN-14101|
|RXN-19952|
|RXN-20882|
|RXN-14585|
|RXN-16467|
|RXN-17635|
|RXN-22336|
|RXN-12066|
|RXN-11179|
|RXN0-704|
|RXN-21390|
|RXN-17883|
|R107-RXN|
|RXN-11645|
|RXN-17702|
|RXN-9492|
|RXN-19349|
|RXN-19086|
|RXN0-2943|
|RXN-21492|
|RXN-17320|
|RXN-11086|
|RXN-9352|
|RXN-1408|
|RXN-10862|
|RXN66-281|
|RXN-9067|
|RXN-18211|
|RXN1A0-6110|
|RXN-12491|
|RXN-20135|
|RXN0-7312|
|R233-RXN|
|RXN-16862|
|RXN-22536|
|RXN-21562|
|RXN0-5468|
|RXN-18341|
|RXN-12048|
|RXN-7746|
|RXN-19154|
|R526-RXN|
|RXN-9677|
|RXN-15572|
|RXN-22348|
|RXN-19682|
|RXN-13227|
|RXN-11157|
|RXN-10763|
|RXN-21120|
|RXN-9416|
|RXN-17354|
|RXN-19223|
|RXN-17209|
|RXN-8051|
|RXN-19755|
|RXN-1124|
|RXN-20856|
|RXN-9471|
|RXN-14219|
|RXN-11068|
|RXN-14720|
|RXN-22028|
|RXN-22792|
|RXN-18193|
|RXN-20330|
|RXN-9050|
|RXN-22922|
|RXN-20112|
|RXN-17596|
|RXN-5|
|RXN-15221|
|RXN-22680|
|RXN-12032|
|RXN-15028|
|RXN-16665|
|RXN-22652|
|RXN-22316|
|RXN-18103|
|RXN-11134|
|RXN-17840|
|RXN-18571|
|RXN-21822|
|RXN-12255|
|RXN-13021|
|RXN-22437|
|RXN-8026|
|RXN-15564|
|RXN-20704|
|RXN-22333|
|RXN-9451|
|RXN-22940|
|RXN-22234|
|RXN-21439|
|RXN-12594|
|RXN-18804|
|RXN-22002|
|RXN-9303|
|RXN-15623|
|RXN-14036|
|RXN-20284|
|RXN-17092|
|HISTALDEHYD-RXN|
|RXN-19263|
|RXN-13837|
|RXN-17579|
|RXN-12162|
|RXN-4822|
|RXN-8847|
|RXN0-7398|
|RXN-20624|
|RXN-11279|
|RXN1G-292|
|RXN0-6721|
|RXN-9562|
|RXN-19112|
|RXN-13353|
|RXN-18715|
|RXN-19344|
|RXN-14770|
|RXN-22838|
|RXN-11583|
|RXN-10720|
|RXN-8940|
|RXN-16199|
|RXN-20887|
|RXN1A0-6094|
|RXN-19022|
|RXN-10448|
|RXN0-7067|
|RXN-18534|
|RXN-22219|
|RXN-21554|
|RXN-21402|
|RXN-8532|
|RXN-13257|
|RXN-9838|
|RXN-20243|
|RXN-11123|
|RXN-21117|
|RXN-6|
|RXN-13077|
|RXN-16804|
|RXN-17274|
|RXN-20602|
|RXN-8827|
|RXN-16120|
|RXN0-7349|
|RXN-19783|
|RXN-11985|
|RXN-15140|
|RXN-16611|
|RXN-11722|
|RXN-22278|
|RXN-11093|
|RXN-7859|
|RXN-17325|
|RXN-21161|
|RXN-15137|
|RXN-20494|
|RXN-14084|
|RXN66-305|
|RXN-9894|
|RXN-22947|
|R246-RXN|
|FAD-RED-RXN|
|RXN-15242|
|RXN-22854|
|RXN-19004|
|THREOSPON-RXN|
|RXN-12052|
|CYTD-RED-RXN|
|RXN-15750|
|RXN-19161|
|RXN-11010|
|RXN-22359|
|R544-RXN|
|RXN-22729|
|RXN-15578|
|RXN-8516|
|RXN-11161|
|RXN-942|
|RXN-22649|
|RXN-10770|
|RXN-15890|
|RXN-18599|
|RXN-8986|
|RXN-9980|
|RXN-17218|
|RXN-13057|
|RXN-8808|
|RXN-19759|
|RXN-22434|
|RXN-15510|
|RXN-19062|
|RXN-22329|
|RXN0-2606|
|RXN66-185|
|RXN-18501|
|RXN-22799|
|RXN-18198|
|RXN-12950|
|RXN-6424|
|RXN-20794|
|RXN-11551|
|RXN-18987|
|RXN-19458|
|RXN-12036|
|RXN-13388|
|RXN1G-289|
|RXN-13498|
|RXN-15032|
|RXN-16678|
|RXN-10993|
|RXN-22323|
|RXN-13350|
|RXN-18107|
|RXN-11139|
|R462-RXN|
|RXN-21207|
|RXN-10748|
|TRANS-RXN-491|
|RXN-20024|
|RXN-11450|
|RXN-14632|
|RXN-18868|
|RXN-21827|
|RXN-13025|
|RXN-8789|
|RXN-16768|
|RXN-20708|
|RXN-7603|
|RXN-19737|
|RXN-19044|
|RXN0-7143|
|RXN-7803|
|RXN-10477|
|RXN-2224|
|RXN0-7192|
|RXN-13561|
|RXN-21454|
|RXN-15627|
|RXN-22776|
|RXN-21742|
|RXN-18652|
|R186-RXN|
|RXN-11204|
|4.1.2.41-RXN|
|RXN-21131|
|RXN-13102|
|RXN-20772|
|RXN-17707|
|RXN-21114|
|RXN-18969|
|RXN-4844|
|RXN-20628|
|RXN-22156|
|RXN-12681|
|RXN66-344|
|RXN-18241|
|RXN-9202|
|RXN-19642|
|RXN-11114|
|RXN-22851|
|R343-RXN|
|RXN-8483|
|RXN-8210|
|THIOREDOXIN-RXN|
|RXN-8944|
|RXN-4322|
|RXN-21804|
|RXN-11909|
|RXN-5242|
|RXN-17507|
|RXN0-7079|
|RXN-22406|
|RXN-22932|
|RXN-16875|
|RXN1UA-67|
|RXN-19551|
|RXN66-101|
|RXN-22915|
|RXN-22850|
|RXN-12409|
|RXN-22758|
|RXN-17253|
|RXN-18631|
|RXN-9842|
|RXN-8394|
|RXN-20251|
|RXNQT-4357|
|RXN-8693|
|RXN-22646|
|CISTRANON-RXN|
|RXN-20606|
|RXN-10107|
|RXN-14515|
|RXN-19095|
|RXN-15148|
|RXN-1346|
|RXN-14997|
|RXN66-315|
|RXN-9186|
|RXN-11098|
|RXN-16461|
|RXN-15420|
|RXN-21165|
|RXN-16982|
|RXN-11420|
|RXN-17626|
|RXN0-5305|
|CYSTATHIONASE-RXN|
|RXN-17484|
|RXN1G-3667|
|RXN-14892|
|RXN-16521|
|RXN-8919|
|RXN-19476|
|RXN-19527|
|RXN-11014|
|RXN-15582|
|RXN-19454|
|RXN-22733|
|RXN-11165|
|RXN-21230|
|RXN-21578|
|RXN-15412|
|RXN-17061|
|QUINOLINATE-SYNTHE-MULTI-RXN|
|RXN-12881|
|RXN-20053|
|RXN-8812|
|RXN-20583|
|RXN-17694|
|RXN-11971|
|RXN-18859|
|RXN-22113|
|RXN-10610|
|RXN-9170|
|RXN-12553|
|RXN-15122|
|RXN-18546|
|RXN-14071|
|RXN-18505|
|RXN66-22|
|RXN-18203|
|RXN-19965|
|RXN-11924|
|RXN-11404|
|RXN-21302|
|RXN-21424|
|RXN-20121|
|R225-RXN|
|RXN-8437|
|RXN-1603|
|RXN-5064|
|RXN-20654|
|RXN-10679|
|RXN-12040|
|RXN-11197|
|RXN-17462|
|RXN-18992|
|RXN-21128|
|RXN-14871|
|RXN-22183|
|RXN-13502|
|RXN-21109|
|RXN-16685|
|RXN-22328|
|RXN-21031|
|RXN-21026|
|RXN-21211|
|RXN-18586|
|RXN-20907|
|RXN-12860|
|RXN-21833|
|RXN-17528|
|RXN-18423|
|RXN-4541|
|RXN-11932|
|RXN-19049|
|RXN0-6368|
|RXN-20486|
|RXN-13416|
|RXN-9153|
|RXN-13567|
|RXN-18032|
|RXN-12605|
|RXN-22929|
|RXN-22780|
|RXN66-165|
|RXN-9691|
|RXN-21098|
|RXN-14049|
|RXN-18185|
|RXN-18485|
|RXN-15631|
|RXN-20321|
|RXN-21284|
|RXN-15462|
|RXN-20097|
|RXN-17587|
|RXN-11535|
|RXN-2189|
|RXN-16011|
|RXN-7249|
|RXN-20632|
|RXN-10130|
|RXN-19431|
|RXN-16657|
|RXN-17932|
|RXN3O-1983|
|RXN-15539|
|RXN-14114|
|RXN-12506|
|RXN-21808|
|RXN-14610|
|RXN-22401|
|RXN-15347|
|RXN-16381|
|RXN-5283|
|RXN-19810|
|RXN-21532|
|RXN-20696|
|RXN-18894|
|RXN-14924|
|RXN-10900|
|RXN-19559|
|RXN-9131|
|RXN1ZN3-9|
|RXN66-11|
|RXN-22762|
|RXN-19469|
|RXN-14022|
|RXN-12416|
|RXN-19341|
|RXN-9846|
|RXN-18635|
|RXN-15439|
|RXN-8401|
|RXN-11369|
|FESGSHTHIO-RXN|
|RXN-8697|
|RXN-15974|
|RXN-19366|
|RXN-20610|
|RXN-13627|
|RXN-19079|
|RXN-19410|
|RXN-15001|
|RXN-13467|
|RXN-22286|
|RXN-22667|
|RXN-9367|
|RXN-21169|
|RXN-9746|
|RXN-18543|
|RXN-15356|
|RXN-17151|
|RXN-14581|
|RXNARA-8002|
|RXN-11424|
|RXN-20152|
|RXN-4310|
|RXN-17631|
|RXN-11895|
|RXN-20674|
|RXN-18877|
|RXN-12061|
|RXN-16528|
|RXN-22061|
|RXN-13346|
|RXN-11177|
|RXN-21125|
|RXN-10676|
|RXN-21106|
|RXN-12395|
|METHTRANSBARK-RXN|
|RXN-8208|
|RXN-21584|
|RXN-20997|
|RXN-12889|
|RXN-17551|
|RXN-8677|
|RXN-11489|
|RXN-20865|
|RXN-14345|
|RXN-17059|
|RXN-11975|
|RXN-20688|
|RXN-19081|
|RXN-7101|
|RXN-11082|
|RXN-9348|
|RXN-21153|
|RXN-18509|
|RXN-22926|
|RXN-21770|
|RXN-11409|
|RXN-20318|
|RXN-20128|
|RXN-18356|
|RXN-17611|
|RXN-5082|
|RXN0-5240|
|RXN-7441|
|RXN-12044|
|RXN-22662|
|RXN-11001|
|RXN-20208|
|RXN-16865|
|RXN-8181|
|RXN-20016|
|RXN-22537|
|RXN-20038|
|RXN-11330|
|RXN-3461|
|RXN-14315|
|RXN-8797|
|RXN-16091|
|1.14.13.42-RXN|
|RXN-18919|
|RXN-11936|
|RXN-16572|
|RXN-13423|
|RXN-22027|
|RXN-10924|
|RXN-16419|
|RXN-9317|
|RXN-22788|
|RXN-18492|
|RXN-9869|
|RXN-11392|
|RXN-20106|
|RXN-11539|
|C04718-C060066-AUTOTRANSFORMATION-RXN|
|RXN-16015|
|RXN-20636|
|RXN-7261|
|RXN-8567|
|RXN-19363|
|RXN-19471|
|RXN-13489|
|RXN-17937|
|RXN-10982|
|RXN-9582|
|RXN-12350|
|RXN-21193|
|RXN-18803|
|RXN-12876|
|26DICHDIOX-RXN|
|RXN-17025|
|RXN1A0-6112|
|RXN-8625|
|RXN-13017|
|RXN-3181|
|RXN-8781|
|RXN-18540|
|RXN-17367|
|RXN-18899|
|RXN-7594|
|RXN-18342|
|RXN-22230|
|RXN-10904|
|RXN0-1138|
|RXN-17841|
|LINALOOL-8-MONOOXYGENASE-RXN|
|RXN-21151|
|RXN-9678|
|RXN-21083|
|RXN-14028|
|RXN-12256|
|RXN-21121|
|RXN-17087|
|RXN-17355|
|RXN-19917|
|RXN-20083|
|RXN66-547|
|RXN-11373|
|RXN-11522|
|RXN-14373|
|RXN-4802|
|RXN-15980|
|RXN-20614|
|RXN-18810|
|RXN-18961|
|RXN0-6677|
|PRODISULFREDUCT-A-RXN|
|RXN-7676|
|RXN-20858|
|RXN-8655|
|RXN-22679|
|RXN-21173|
|RXN-18536|
|RXN-8135|
|RXN-16995|
|RXN-16901|
|RXN-11282|
|FMN-OX-RXN|
|RXN-4314|
|RXN-11741|
|2.6.1.63-RXN|
|RXN-13531|
|RXN-22653|
|RXN-9833|
|RXN-20203|
|RXN-16895|
|RXN-21588|
|RXN-15781|
|RXN-20064|
|RXN-19899|
|RXN-16586|
|RXN-8681|
|RXN-3592|
|RXN-11800|
|RXN-14504|
|RXN-18941|
|RXN-8533|
|RXN-22334|
|RXN-21990|
|RXN-20422|
|RXN-9178|
|RXN-22638|
|RXN-13794|
|RXN-21157|
|RXN-20958|
|RXN-21992|
|RXN-19977|
|RXN-19787|
|RXN-11413|
|RXN-19483|
|RXN-12966|
|RXN-13991|
|RXN-18361|
|RXN-11723|
|RXN-13572|
|RXN-17473|
|RXN-14881|
|RXN-10426|
|RXN1G-808|
|RXN-13354|
|RXN-10872|
|RXN-22724|
|RXN-8187|
|RXN-16871|
|RXN-22543|
|RXN-12870|
|RXN-17536|
|RXN-8660|
|RXN66-486|
|RXN-3483|
|RXN-12621|
|CHOLESTANETRIOL-26-MONOOXYGENASE-RXN|
|RXN-14481|
|RXN1A0-6097|
|RXN-11940|
|RXN-14807|
|RXN-8517|
|RXN0-7271|
|RXN-10928|
|RXN-21555|
|RXN-21396|
|RXN-16785|
|RXN-8056|
|RXN-19953|
|RXN-19760|
|RXN-11247|
|RXN-17713|
|RXN-4206|
|RXN-11125|
|RXN-21118|
|RXN-2441|
|RXN-17276|
|RXN-17454|
|RXN-13310|
|RXN-13493|
|RXN-10988|
|RXN-9056|
|RXN-16309|
|RXN-21019|
|RXN-6425|
|RXN-13971|
|RXN-8167|
|RXN-21538|
|RXN-20495|
|RXN-22524|
|RXN-12850|
|RXN-20020|
|RXN-19829|
|RXNQT-4314|
|RXN-11446|
|RXN-3185|
|RXN-11763|
|R463-RXN|
|RXN-22855|
|RXN-13392|
|LINBBSPON-RXN|
|RXN-22677|
|RXN-8962|
|RXN-16227|
|RXN-13746|
|2.1.1.138-RXN|
|RXN-19212|
|RXN-20271|
|RXN-16769|
|RXN-8031|
|RXN-8243|
|RXN-22650|
|RXN-21738|
|RXN-15891|
|RXN-22428|
|RXN-19921|
|RXN-11377|
|RXN-3942|
|RXN-18965|
|RXN-22435|
|RXN-15511|
|RXN-20297|
|RXN-17921|
|RXN-9198|
|RXN-6268|
|RXN-20773|
|RXN-11288|
|RXN-12682|
|RXN-4318|
|RXN66-345|
|RXN-15906|
|RXN-14564|
|RXN-21524|
|RXN-13835|
|RXN-18721|
|R344-RXN|
|RXN-13391|
|RXN1G-290|
|RXN-8945|
|RXN-16204|
|RXN-12404|
|RXN-13351|
|RXN-12240|
|RXN-19188|
|RXN-21598|
|RXN-22407|
|RXNQT-4352|
|RXN-19712|
|RXN-8686|
|RXN-11188|
|RXN-18869|
|RXN-14359|
|RXN-18946|
|RXN-12578|
|RXN-8537|
|RXN-13455|
|RXN-9182|
|RXN-20252|
|RXN-16457|
|RXN-13938|
|RXN-12314|
|RXN-6081|
|RXN-16978|
|RXN-18000|
|RXN-15346|
|RXN-11417|
|RXN-15149|
|RXN-15852|
|RXN66-316|
|RXN-14253|
|RXN-11880|
|RXN-17708|
|RXN-15691|
|RXN-11117|
|RXN-7484|
|RXN-21115|
|RXN0-308|
|RXN-9602|
|RXN-18702|
|RXN-14886|
|RXN-13867|
|R267-RXN|
|RXN-8195|
|RXN-21574|
|RXN-22547|
|RXN-7985|
|RXN-12874|
|RXN-15248|
|RXN66-490|
|RXN-18437|
|RXN-15949|
|RXN-11787|
|RXN-21382|
|RXN-14810|
|RXN-18765|
|RXN-22933|
|RXN-11166|
|RXN-8521|
|RXN-10932|
|RXN-9165|
|RXN-22852|
|RXN-16757|
|RXN-17695|
|RXN-22465|
|RXN-11250|
|RXN-4221|
|RXN-22647|
|RXN-17458|
|RXN-18204|
|RXN-10851|
|RXN-9060|
|RXN-21303|
|RXN-18674|
|RXN-21025|
|R226-RXN|
|RXN-16425|
|RXN-8172|
|RXN-21542|
|RXN-22529|
|RXN-12856|
|RXNQT-4318|
|RXN-15231|
|RXN-18414|
|RXN-19497|
|RXN-16687|
|RXN-22337|
|RXN-14795|
|RXN-11147|
|RXN-9149|
|RXN-10754|
|RXN-22605|
|RXN-9955|
|RXN-8037|
|RXN-19216|
|GMP-SYN-NH3-RXN|
|RXN-19927|
|RXN-22441|
|RXN-14382|
|RXN-9462|
|RXN-21458|
|RXN-12606|
|RXN-22951|
|RXN-7245|
|RXN66-166|
|RXN-18186|
|RXN-22018|
|RXN-14850|
|RXN-12555|
|RXN-20457|
|RXN185E-11|
|RXN-17926|
|RXN-12291|
|HISTOLDEHYD-RXN|
|RXN-21425|
|RXN-13644|
|RXN-3|
|RXN66-349|
|RXN-11199|
|RXN-21129|
|RXN-11127|
|RXN-17353|
|RXN-14779|
|RXN-21111|
|RXN-10896|
|RXN-14612|
|TRANS-RXN-343|
|RXN-17653|
|RXN-20908|
|RXN-8019|
|RXN-9641|
|RXN-5284|
|RXN-20697|
|RXN-779|
|RXN-19717|
|RXN66-12|
|RXN-9445|
|RXN-11809|
|RXN-20487|
|RXN-18168|
|RXN-22000|
|RXN-16913|
|RXN-18636|
|RXN-22930|
|RXN-8402|
|RXN-20257|
|RXN-13090|
|RXN-20323|
|RXN-22848|
|RXN-621|
|RXN-22490|
|RXN-13628|
|RXN-11272|
|RXN-19102|
|RXN-2881|
|RXN-14257|
|RXN-22287|
|RXN-15864|
|RXN-20248|
|RXN-9368|
|RXN-15695|
|RXN-17336|
|RXN-15832|
|RXN-14760|
|RXN-18871|
|RXN-10016|
|RXN-9904|
|RXN-17152|
|RXN-14582|
|RXN-16367|
|RXN-20154|
|RXN-20878|
|RXN-12062|
|RXN66-494|
|RXN-11345|
|RXN-19834|
|RXN-11173|
|RXN-21387|
|RXN-18137|
|R603-RXN|
|RXN-8525|
|RXN-14387|
|RXN-18613|
|RXN-11170|
|RXN-9428|
|RXN-17880|
|RXN-13070|
|RXN-20945|
|SULFFEOXIDO-RXN|
|RXN-19452|
|RXN-13362|
|RXN-11256|
|RXN-19434|
|RXN-19082|
|RXN-18352|
|RXN-2505|
|RXN-19080|
|RXN-18841|
|RXN-14737|
|RXN-18809|
|RXN-15128|
|RXN-13319|
|RXN-9064|
|RXN-18208|
|RXN-18690|
|RXN-20129|
|RXN-18544|
|RXN-12045|
|RXN-19840|
|RXN-15042|
|RXN-8900|
|RXN-14308|
|RXN-11773|
|RXN-21210|
|RXN-15563|
|RXN-16691|
|RXN-22344|
|RXN-8509|
|RXN-21217|
|RXN18C3-7|
|RXN-21126|
|RXN-11153|
|RXN-21107|
|RXN-7002|
|RXN-20924|
|RXN-8798|
|RXN-19220|
|RXN-21007|
|RXN-20212|
|RXN66-608|
|GSCYSDEG-RXN|
|RXN-11235|
|RXN-16574|
|RXN-15803|
|RXN-9469|
|RXN-17060|
|RXN-12109|
|RXN-14216|
|RXN-21465|
|RXN-20689|
|RXN-18822|
|RXN-22789|
|RXN-22021|
|RXN66-17|
|RXN-18190|
|RXN-15640|
|RXN-17753|
|RXN-13824|
|RXN-20107|
|RXN-21290|
|R212-RXN|
|RXN-20637|
|RXN-22511|
|RXN-22842|
|RXN-15218|
|RXN-20288|
|RXN-15544|
|RXN-22313|
|RXN-11131|
|RXN-20236|
|RXN-12511|
|RXN-22866|
|RXN-13200|
|RXN-17833|
|RXN-21819|
|RXN-8954|
|RXN-13019|
|RXN-20018|
|RXN-14619|
|RXN-19198|
|RXN-8023|
|RXN-15292|
|RXN-17657|
|RXN-12754|
|RXN-19035|
|RXN-11207|
|RXN-22231|
|RXN-9449|
|RXN-16318|
|RXN-22937|
|RXN-21435|
|RXN-19808|
|RXN-12587|
|RXN66-142|
|RXN-18173|
|RXN-13284|
|RXN-17088|
|RXN-14388|
|RXN-20263|
|RXN-22957|
|RXN-20084|
|RXN-14389|
|RXN-18644|
|RXN-19259|
|RXN-4803|
|RXN1YI0-21|
|RXN-20615|
|RXN0-5259|
|RXN-21273|
|RXN-11276|
|RXN-17742|
|RXN0-6708|
|RXN-15837|
|RXN-7677|
|RXN-13632|
|RXN-15195|
|RXN-9559|
|RXN-15447|
|RXN0-6954|
|RXN0-5254|
|RXN3DJ-25|
|RXN-20149|
|RXN-18077|
|RXN-17651|
|RXN-15833|
|RXN-21331|
|RXN-13584|
|RXN-13581|
|RXN-21174|
|RXN0-6490|
|RXN0-5245|
|RXN-12492|
|RXN-19772|
|RXN-13168|
|RXN-16329|
|RXN-15827|
|RXN-13578|
|RXN-12989|
|RXN-20884|
|RXN0-6370|
|RXN-14586|
|RXN0-5242|
|RXN-18749|
|RXN-15863|
|RXN-17636|
|RXN-19180|
|RXN-15817|
|RXN-12647|
|RXN-5165|
|SOXA-FDENIT-RXN|
|RXN-22391|
|RXN0-5265|
|RXN-12067|
|RXN-21451|
|RXN-11180|
|RXN-17759|
|RXN-15860|
|RXN-21391|
|RXN-15597|
|MVHMETH-RXN|
|RXN1YI0-24|
|RXN-11649|
|RXN0-5261|
|RXN-21404|
|RXN-13254|
|RXN-17751|
|RXN-9834|
|RXN-15839|
|RXN-15451|
|RXN-21242|
|RXN0-7005|
|RXN-20065|
|RXN0-5255|
|R108-RXN|
|RXN-17706|
|RXN-21238|
|RXN-8380|
|RXN-17661|
|RXN-15834|
|RXN-14451|
|RXN-13582|
|RXN0-6678|
|RXN-11982|
|RXN0-5248|
|RXN-20075|
|1.14.13.78-RXN|
|RXN-16330|
|RXN-15828|
|RXN-19087|
|RXN-14243|
|RXN-13579|
|RXN0-6372|
|RXN0-5244|
|RXN-22275|
|RXN-19019|
|RXN-15953|
|RXN-21158|
|RXN-11087|
|RXN-14747|
|RXN-15825|
|RXN-9353|
|RXN-12648|
|TRANS-RXN0-234|
|RXN-12646|
|RXN0-5269|
|RXN-21453|
|RXN-18581|
|RXN-17137|
|RXN-15861|
|RXN-20859|
|RXN-15764|
|REDUCEDFAD-RXN|
|NONENAL-RXN|
|RXN66-541|
|R234-RXN|
|RXN0-5262|
|RXN-21413|
|RXN-17757|
|RXN-13143|
|RXN-15858|
|RXN-15468|
|RXN-12049|
|RXN1YI0-19|
|RXN-8908|
|RXN0-5257|
|RXN-7748|
|RXN-16171|
|RXN-21272|
|RXN-17662|
|RXN-15835|
|R527-RXN|
|RXN-14962|
|RXN-22725|
|RXN0-6684|
|RXN-15573|
|RXN-22349|
|RXN0-5253|
|RXN-19683|
|RXN-13228|
|RXN-20147|
|RXN-9818|
|RXN-11158|
|RXN-16333|
|RXN-9417|
|RXN-15831|
|RXN-8981|
|RXN-13583|
|RXN-12539|
|RXN-13580|
|RXN-17537|
|RXN0-6375|
|RXN0-5244-yeast|
|RXN-19224|
|RXN-19615|
|RXN-15987|
|RXN-20576|
|RXN-15826|
|RXN-13576|
|RXN-19756|
|TRANS-RXN0-237|
|RXN-17687|
|RXN0-5309|
|RXN-924|
|RXN-18603|
|RXN-15862|
|RXN-20722|
|RXN-14220|
|RXN-15815|
|RXN-11945|
|RXN66-548|
|RXN0-5263|
|RXN-11069|
|RXN-21440|
|RXN-9336|
|RXN-12614|
|RXN-14721|
|RXN-17758|
|RXN-22796|
|RXN-15859|
|RXN-18194|
|RXN-20331|
|RXN-15596|
|TRANS-RXN-394|
|TRANS-RXN-317|
|TRANS-RXN-218|
|RXN-12947|
|RXN-22554|
|RXN-22211|
|RXN-20113|
|R216-RXN|
|RXN-22128|
|RXN-16592|
|TRANS-RXN-497|
|TRANS-RXN-446|
|RXN-15222|
|TRANS-RXN-430|
|RXN-20646|
|TRANS-RXN-391|
|RXN-12033|
|RXN-8880|
|RXN-19492|
|TRANS-RXN-187|
|RXN-13494|
|RXN-22420|
|RXN-15029|
|RXN-22190|
|RXN-9218|
|RXN-14352|
|TRANS-RXN-443|
|RXN-18104|
|RXN-22317|
|TRANS-RXN-421|
|RXN-13972|
|TRANS-RXN-388|
|TRANS-RXN-271|
|TRANS-RXN-171|
|RXN-17033|
|RXN-22177|
|RXN-12516|
|RXN-13407|
|RXN-11447|
|TRANS-RXN-468|
|TRANS-RXN-440|
|RXN-21824|
|TRANS-RXN-411|
|RXN-13022|
|RXN-14624|
|TRANS-RXN-403|
|RXN-16765|
|TRANS-RXN-374|
|RXN-11925|
|TRANS-RXN-233|
|RXN0-2241|
|RXN-7600|
|RXN-22299|
|RXN-22161|
|RXN-20705|
|RXN-21023|
|TRANS-RXN0-535|
|RXN0-7122|
|TRANS-RXN-458|
|RXN-7800|
|RXN-14196|
|TRANS-RXN-437|
|TRANS-RXN-400|
|TRANS-RXN-227|
|RXN-9473|
|RXN-9304|
|RXN66-147|
|RXN-22291|
|RXN-22142|
|RXN-14037|
|RXN-15624|
|RXN-20293|
|TRANS-RXN-451|
|RXN-21739|
|TRANS-RXN-434|
|RXN-17093|
|TRANS-RXN-395|
|TRANS-RXN-319|
|TRANS-RXN-224|
|RXN-22625|
|RXN-15999|
|RXN-22217|
|GLUTACONYL-COA-DECARBOXYLASE-RXN|
|RXN-22133|
|RXN-16593|
|RXN-18966|
|RXN-20625|
|RXN-8848|
|TRANS-RXN-431|
|RXN-10122|
|TRANS-RXN-392|
|TRANS-RXN-315|
|TRANS-RXN-189|
|RXN-22427|
|RXN-19113|
|RXN-22193|
|RXN-9199|
|RXN-22121|
|RXN-14452|
|TRANS-RXN-444|
|MALTET-RXN|
|TRANS-RXN-427|
|TRANS-RXN-274|
|TRANS-RXN-172|
|RXN-22376|
|RXN-10721|
|RXN-22179|
|RXN-20001|
|RXN-11584|
|RXN-13519|
|RXN-8941|
|TRANS-RXN2DNV-94|
|RXN-16200|
|TRANS-RXN-441|
|TRANS-RXN-419|
|RXN-19184|
|TRANS-RXN-404|
|TRANS-RXN-375|
|TRANS-RXN-234|
|RXN-22402|
|RXN0-2261|
|RXN-22164|
|TRANS-RXN1YI0-17|
|RXN0-7068|
|RXN-9438|
|TRANS-RXN-463|
|RXN-19545|
|TRANS-RXN-438|
|TRANS-RXN-401|
|RXN-11030|
|TRANS-RXN-230|
|RXN-9615|
|RXN0-1261|
|RXN-22293|
|RXN-18149|
|RXN-22147|
|RXN-21599|
|TRANS-RXN0-286|
|RXN-20244|
|TRANS-RXN-454|
|RXN-21248|
|TRANS-RXN-435|
|RXNQT-4353|
|RXN-18629|
|TRANS-RXN-398|
|RXN-8687|
|TRANS-RXN-225|
|RXN-8387|
|RXN-22952|
|RXN-22227|
|RXN-22135|
|RXN-16594|
|TRANS-RXN-505|
|RXN-10104|
|TRANS-RXN-432|
|TRANS-RXN-393|
|RXN-7658|
|TRANS-RXN-316|
|RXN-13456|
|RXN66-312|
|TRANS-RXN-190|
|RXN-19091|
|RXN-18220|
|RXN-22553|
|RXN-9183|
|RXN-15672|
|RXN-22208|
|RXN-22643|
|RXN-22123|
|RXN0-7346|
|RXN-14913|
|RXN-13939|
|RXN-19612|
|TRANS-RXN-492|
|RXN-21162|
|RXN-11094|
|TRANS-RXN-429|
|RXN-974|
|TRANS-RXN-275|
|TRANS-RXN-185|
|RXN-22386|
|RXN-22188|
|RXN-11418|
|RXN-14351|
|TRANS-RXN-480|
|TRANS-RXN-442|
|R261-RXN|
|TRANS-RXN-420|
|TRANS-RXN-269|
|RXN3O-9805|
|RXN-22321|
|RXN-7485|
|RXN-22170|
|RXN-5111|
|RXN-21407|
|RXN-14887|
|RXN-8912|
|ACH3-RXN|
|RXN-12053|
|RXN-16175|
|TRANS-RXN-439|
|RXN-22200|
|TRANS-RXN-406|
|RXN-17970|
|TRANS-RXN-402|
|RXN-19162|
|TRANS-RXN-373|
|TRANS-RXN-232|
|RXN-22360|
|RXN0-2181|
|RXN-22730|
|RXN-22296|
|RXN-15579|
|RXN-11162|
|RXN-22152|
|RXN-8196|
|RXN-21022|
|TRANS-RXN0-531|
|TRANS-RXN-455|
|RXN-12877|
|TRANS-RXN-436|
|RXN-20049|
|TRANS-RXN-399|
|TRANS-RXN-323|
|RXN-18438|
|TRANS-RXN-226|
|RXN-13058|
|RXN-5802|
|RXN-22140|
|RXN-18929|
|RXN-17691|
|TRANS-RXN-509|
|TRANS-RXN-449|
|TRANS-RXN-433|
|RXN-20726|
|RXN-9166|
|RXN-11073|
|RXN-18861|
|RXN-13356|
|RXN-19388|
|RXN-22800|
|RXN-21553|
|RXN-18200|
|RXN-19340|
|RXN-15651|
|RXN-13357|
|RXN-12548|
|RXN-11401|
|RXN-19348|
|RXN-15483|
|RXN-18858|
|RXN-4222|
|RXN-12951|
|RXN-12549|
|RXN-14408|
|RXN-20118|
|RXN-13833|
|RXN-17459|
|RXN-14867|
|RXN-18988|
|RXN-16866|
|RXN-16524|
|RXN-13662|
|RXN-15432|
|RXN-13115|
|RXN-13499|
|RXN-15033|
|RXN-11389|
|RXN-10995|
|RXN-10612|
|RXN-21027|
|RXN-22324|
|RXN-9981|
|RXN-22710|
|RXN-2802|
|RXN-21349|
|RXN-8173|
|RXN-9405|
|RXN-19685|
|RXN-21543|
|RXN-18843|
|RXN-16743|
|RXN-12857|
|RXN-16106|
|RXN-15392|
|RXN-13096|
|RXN-18416|
|RXN-9498|
|RXN-21828|
|RXN-22374|
|RXN-13027|
|RXN-21190|
|RXN-19531|
|RXN-8790|
|RXN-18808|
|RXN-17965|
|RXN-16719|
|RXN-15685|
|RXN-19045|
|RXN-15019|
|RXN-12853|
|RXN-9150|
|RXN-11005|
|RXN-22606|
|RXN-9357|
|RXN-22301|
|RXN-13564|
|RXN-20920|
|RXN-19415|
|RXN-18182|
|RXN-17423|
|RXN-22777|
|RXN-15628|
|RXN-16716|
|RXN-15610|
|RXN-14657|
|RXN-19931|
|RXN-10729|
|RXN-18653|
|RXN-9167|
|RXN-15458|
|RXN-22095|
|RXN-2054|
|RXN-20094|
|RXN-19395|
|RXN-17086|
|RXN-16007|
|RXN-16672|
|RXN-15599|
|RXN-13238|
|RXN-18970|
|RXN-20629|
|RXN-12260|
|RXN-12020|
|RXN-10651|
|RXN-8861|
|RXN-20458|
|RXN-21600|
|RXN-17929|
|RXN-13479|
|RXN-20325|
|RXN-19205|
|RXN-9203|
|RXN-19644|
|RXN-16867|
|RXN-20996|
|RXN-11115|
|RXN-16525|
|RXN-15453|
|RXN-13233|
|RXN-11548|
|RXN-9759|
|RXN-10613|
|RXN185E-15|
|RXN-685|
|RXN-21461|
|RXN-20275|
|RXN-21805|
|RXN-18898|
|RXN-13003|
|RXN-16863|
|RXN-17646|
|RXN-16107|
|RXN-15399|
|RXN-13113|
|RXN-20691|
|AMBENCOATHAUERA-RXN|
|RXN-7586|
|RXN-9499|
|RXN-17508|
|RXN0-7080|
|RXN-22375|
|RXN-7783|
|RXN-21199|
|RXN-19680|
|RXN1UA-69|
|RXN-18830|
|RXN-19553|
|RXN-16720|
|RXN66-103|
|RXN-15896|
|RXN-15260|
|RXN-15606|
|RXN-12875|
|RXN-9642|
|RXN-22759|
|RXN-11253|
|RXN-19333|
|RXN-9460|
|RXN-8225|
|RXN-20925|
|RXN-9843|
|RXN-18632|
|RXN-19421|
|RXN-18116|
|RXN-12910|
|RXN-8395|
|RXN-17542|
|FCLEPIM-RXN|
|RXNQT-4358|
|RXN-20077|
|RXN-15636|
|RXN-14674|
|RXN-10848|
|RXN-11810|
|RXN-9335|
|RXN-22114|
|RXN-20607|
|RXN-13622|
|RXN-20589|
|RXN-19406|
|RXN-10108|
|RXN-11999|
|RXN-17125|
|RXN0-6562|
|RXN-19096|
|RXN-16673|
|RXN-19407|
|RXN-7664|
|RXN-15602|
|RXN-13460|
|RXN-10653|
|RXN-17906|
|RXN-8865|
|RXN-9187|
|RXN-22090|
|RXN-22656|
|RXN-11099|
|RXN-20326|
|RXN-16462|
|RXN-19206|
|RXN-17044|
|RXN-21166|
|RXN-16666|
|RXN-15480|
|RXN-16985|
|RXN-13236|
|RXN-11704|
|RXN-19986|
|RXN-14575|
|RXN-8258|
|RXN-8596|
|RXN-11421|
|RXN-21462|
|RXN-20319|
|RXN-15865|
|RXN-19157|
|RXN-8754|
|RXN-16864|
|RXN-16108|
|RXN-15428|
|RXN-18872|
|RXN-13114|
|RXN-10017|
|RXN-11292|
|RXN-1022|
|RXN-13343|
|RXN-14894|
|RXN-9503|
|RXN-22540|
|RXN-21212|
|RXN-16368|
|RXN-19681|
|RXN-13872|
|RXN-11015|
|RXN-18837|
|RXN-18133|
|RXN-16721|
|RXN-22734|
|RXN-15583|
|RXN-15899|
|RXN-15387|
|RXN-13045|
|RXN-9467|
|RXN-17062|
|RXN-20926|
|RXN-15413|
|RXN-19422|
|RXN-12882|
|RXN-20055|
|RXN-18625|
|RXNQT-4340|
|RXN-17595|
|RXN-16718|
|RXN-15644|
|RXN-15955|
|RXN-14976|
|RXN-20586|
|RXN-12677|
|RXN-11004|
|RXN-11972|
|RXN-9354|
|RXN-22115|
|RXN1A0-6314|
|RXN-7640|
|RXN-20759|
|RXN-20414|
|RXN-19414|
|RXN-17881|
|RXN-10611|
|RXN-17332|
|RXN-16674|
|RXN-22631|
|RXN-15604|
|RXN-11079|
|RXN-13793|
|RXN-9345|
|RXN-10691|
|RXN-8892|
|RXN-9722|
|RXN-14072|
|RXN-22094|
|RXN-20491|
|RXN-12798|
|RXN-19260|
|RXN-17050|
|RXN-19966|
|RXN-14552|
|RXN-16669|
|RXN-18353|
|RXN-11406|
|RXN-15595|
|RXN-20122|
|RXN-13237|
|RXN-10641|
|RXN-8404|
|RXN-21479|
|RXN-18842|
|RXN-5065|
|RXN-20320|
|RXN-20655|
|RXN-19204|
|RXN-17463|
|RXN-10419|
|RXN-10859|
|RXN-14872|
|RXN-9065|
|RXN-13503|
|RXN-10999|
|RXN-22716|
|RXN-16508|
|RXN-12369|
|RXN-21213|
|RXN-22534|
|RXN-19841|
|RXN-21549|
|ENTF-RXN|
|RXN-12861|
|RXN-21834|
|RXN-14309|
|RXN-18424|
|RXN-4542|
|RXN-8794|
|RXN-17383|
|RXN18C3-8|
|RXN-7611|
|RXN-13417|
|RXN-22251|
|RXN-21101|
|RXN-22782|
|RXN-9692|
|RXN-18486|
|RXN-1405|
|RXN-21748|
|RXN-15804|
|RXN-20098|
|RXN-4122|
|RXN-21466|
|RXN-14396|
|RXN-11536|
|RXN-16012|
|RXN-20633|
|RXN-10131|
|RXN0-6938|
|RXN1G-0|
|RXN-19432|
|RXN-13826|
|RXN-17933|
|RXN-18091|
|RXN-22695|
|RXN-15540|
|RXN-16490|
|RXN-12347|
|PHENYLPCARB-RXN|
|RXN-22512|
|RXN-12507|
|RXN-21812|
|RXN-13014|
|RXN-14784|
|RXN-18895|
|RXN-17834|
|RXN-10901|
|RXN-19561|
|RXN-6721|
|RXN-9135|
|RXN-13549|
|RXN-11042|
|RXN-8024|
|RXN-12417|
|RXN-15293|
|RXN-19343|
|RXN-15440|
|RXN-20080|
|RXN-11370|
|RXNQT-4362|
|FESO3OXI-RXN|
|RXN-11519|
|RXN-21436|
|RXN0-5129|
|RXN-18957|
|RXN-7202|
|RXN-13285|
|RXN-19411|
|RXN-13809|
|RXN-22669|
|RXN-9747|
|RXN-21170|
|RXN-16992|
|RXN-8123|
|RXN-9560|
|RXN-11425|
|RXN-4311|
|RXN-11896|
|UROPORIIIMETHYLTRANSA-RXN|
|RXN-21517|
|RXN-18878|
|RXN-17802|
|RXN-22062|
|RXN-13347|
|RXN1QP9-73|
|RXN-13528|
|RXN-12396|
|RXN-15262|
|RXN-8209|
|RXN-16891|
|RXN-17066|
|RXN-22577|
|RXN-12890|
|RXN-3588|
|RXN-11798|
|RXN-20591|
|RXN-8530|
|RXN-14500|
|RXN-714|
|RXN-13255|
|RXN-17886|
|RXN-21154|
|RXN-19973|
|RXN-17704|
|RXN-11410|
|RXN-4241|
|RXN-5861|
|RXN0-5243|
|RXN-7442|
|RXN-7857|
|RXN-18847|
|RXN-10423|
|RXN-12649|
|RXN66-303|
|RXN-15665|
|RXN-12210|
|RXN-22721|
|R241-RXN|
|RXN-7978|
|RXN-21559|
|RXN-20039|
|RXN-11331|
|RXN-16172|
|RXN-18428|
|RXN-3462|
|RXN-4603|
|RXN-18756|
|RXN-11778|
|RXN-18920|
|RXN-11937|
|RXN0-6450|
|RXN-11159|
|RXN-9418|
|RXN-10925|
|RXN-21122|
|RXN-17213|
|RXN-11244|
|RXN-11393|
|RXN-5502|
|RXN-18336|
|RXN0-7272|
|2.5.1.32-RXN|
|RXN-21472|
|RXN-14722|
|ENTG-RXN|
|RXN-18195|
|RXN-19475|
|RXN-1349|
|RXN-17939|
|RXN-10983|
|RXN-16306|
|R217-RXN|
|RXN-21016|
|RXN-21279|
|RXN-8162|
|RXN-17923|
|RXN-21535|
|RXN-15223|
|RXN-8881|
|1.2.1.40-RXN|
|RXN-3182|
|RXN-16676|
|RXN-22318|
|R425-RXN|
|RXN-18900|
|TRANS-RXN-464|
|RXN-17842|
|RXN-10905|
|RXN-14625|
|RXN-20906|
|RXN-16766|
|RXN-19353|
|RXN-20706|
|RXN-19918|
|L-LACTDEHYDROGFMN-RXN|
|RXN-11374|
|RXN0-7139|
|RXN-9453|
|RXN-14374|
|RXN-15982|
|RXN-19939|
|RXN66-15|
|RXN-7225|
|RXN-18962|
|RXN-15625|
|RXN-10823|
|RXN-17917|
|RXN-9195|
|RXN-22683|
|RXN-16996|
|RXN-12678|
|RXN-4315|
|RXN-19640|
|RXN-17345|
|RXN-21521|
|RXN-9383|
|RXN-22844|
|RXN-10722|
|RXN-10889|
|RXN-9913|
|RXN-8942|
|RXN-13718|
|RXN0-1701|
|RXN-22404|
|RXN-19900|
|RXN-20999|
|RXN0-7074|
|RXN-11356|
|RXN-778|
|RXN-9439|
|RXN-9374|
|RXN-11801|
|RXN-18942|
|RXN-5482|
|RXN-18151|
|RXN-17251|
|RXN-8534|
|RXN-19936|
|RXN-21250|
|RXN-20249|
|RXN-9179|
|RXN-16454|
|RXN-9734|
|RXN-7875|
|RXN-19788|
|RXN-11414|
|RXN-15142|
|RXN-12656|
|RXN-19092|
|RXN-18362|
|RXN-15848|
|RXN0-7347|
|RXN-21501|
|RXN-15139|
|RXN-14882|
|RXN-22817|
|RXN66-310|
|RXN1G-809|
|RXN-9896|
|RXN-8192|
|RXN-21565|
|RXN-5112|
|RXN-12871|
|RXN-22544|
|RXN-12054|
|RXN66-487|
|RXN-19163|
|RXN-14332|
|RXN0-1682|
|RXN-16709|
|RXN-22361|
|RXN-15580|
|RXN-17394|
|RXN-20584|
|RXN-11163|
|RXN-8518|
|RXN-14808|
|RXN1A0-6102|
|RXN-10772|
|RXN-13772|
|RXN-13059|
|RXN-9710|
|RXN-19954|
|RXN-17692|
|RXN-8058|
|RXN-19761|
|RXN-11248|
|RXN-4207|
|RXN-14404|
|RXN-17455|
|RXN-21480|
|FHLMULTI-RXN|
|RXN-22801|
|RXN66-20|
|RXN-18201|
|RXN-13311|
|RXN-9057|
|RXN-20796|
|RXN-21539|
|RXN-10675|
|RXN-12851|
|RXNQT-4315|
|RXN-18874|
|RXN-19830|
|RXN-13663|
|RXN-15034|
|RXN-3201|
|RXN-11764|
|R464-RXN|
|RXN-13393|
|RXN-19146|
|RXN-9679|
|RXN-8791|
|RXN-19213|
|RXN-12261|
|RXN-16770|
|TRANS-RXN-466|
|RXN-19047|
|RXN-13565|
|RXN-7242|
|RXN-22778|
|RXN-18183|
|RXN-14848|
|RXN-15629|
|RXN-17922|
|RXN-22841|
|RXN-20095|
|RXN-19930|
|RXN-17585|
|RXN-6269|
|RXN-19270|
|PHENOLPHOS-RXN|
|RXN-4846|
|RXN-8854|
|RXN-20630|
|RXN0-961|
|RXN-7921|
|RXN-7690|
|RXN66-346|
|RXN-9571|
|RXN-18088|
|RXN-11121|
|RXN-21525|
|RXN-18722|
|RXN-8485|
|RXN-2207|
|RXN-12503|
|RXN-10730|
|RXN-17907|
|RXN-21806|
|RXN-14608|
|RXN-8946|
|RXN-13004|
|RXN-16205|
|RXN-9638|
|RXN-17647|
|RXN-20692|
|RXN-19189|
|RXN-20694|
|RXN0-7081|
|RXN-19713|
|RXN-10454|
|RXN-3625|
|RXN-19555|
|RXN66-104|
|RXN-18157|
|RXN-21427|
|RXN-22760|
|RXN-14017|
|RXN-8538|
|RXN1F-160|
|RXN-9844|
|RXN-18633|
|RXN-17895|
|RXN-10797|
|RXN-20078|
|RXN-8397|
|RXN-13085|
|RXN-6142|
|RXN-8834|
|RXN-20608|
|RXN-15348|
|RXN-7665|
|RXN-11269|
|RXN-19926|
|RXN-12660|
|RXN-15853|
|RXN66-317|
|RXN-15692|
|RXN-14254|
|RXN-10013|
|RXN-21167|
|RXN-18703|
|RXN-18526|
|RXN-17331|
|RXN-8461|
|RXN-10877|
|RXN-9079|
|RXN-8924|
|RXN-17629|
|RXN-6561|
|RXN-16881|
|3-ISOPROPYLMALDEHYDROG-RXN|
|RXN-22548|
|RXN-20672|
|RXN-16526|
|RXN-3523|
|RXN-8921|
|RXN66-491|
|RXN-22736|
|RXN-14811|
|RXN-15584|
|RXN-21383|
|RXN-22368|
|RXN-18766|
|RXN-9827|
|RXN-11167|
|RXN-13242|
|RXN-21400|
|RXN-20587|
|RXN-14246|
|RXN-17696|
|RXN-22466|
|RXN-18349|
|RXN-11251|
|RXN-15822|
|RXN-5721|
|RXN-14205|
|RXN-25|
|RXN-21486|
|RXN-18839|
|RXN-9346|
|RXN-11712|
|RXN-18507|
|RXN-15124|
|RXN-18860|
|RXN-10852|
|RXN-9061|
|RXN-18205|
|RXN-14553|
|RXN-18675|
|R227-RXN|
|RXN-8439|
|RXN-5066|
|RXN-22530|
|RXN-18994|
|RXN-20656|
|RXN-19837|
|RXN-10420|
|RXN-8893|
|RXN-13504|
|RXN0-2022|
|RXN0-1702|
|RXN-16688|
|RXN-22340|
|RXN-19673|
|RXN-11150|
|RXN-20033|
|RXN-21835|
|RXN-20921|
|RXN-1304|
|RXN-8969|
|RXN-12266|
|RXN-4544|
|RXN-16234|
|RXN-12907|
|RXN-20569|
|RXN-8795|
|RXN-20206|
|RXN-19217|
|RXN-7612|
|RXN-22443|
|RXN-10597|
|RXN-1123|
|RXN-19582|
|RXN-18819|
|RXN-21102|
|RXN-22784|
|RXN-12607|
|3SC23OSPON-RXN|
|RXN66-167|
|RXN-18187|
|RXN0-2201|
|RXN-21749|
|RXN-14534|
|R206-RXN|
|RXN-16013|
|4.2.1.101-RXN|
|RXN-20634|
|RXN-11118|
|RXN-10132|
|RXN-19433|
|RXN-13645|
|RXN-10980|
|RXN-9208|
|RXN-22696|
|RXN-15541|
|RXN0-1684|
|RXN-16491|
|RXN-17356|
|RXN-14780|
|RXN-12508|
|RXN-21813|
|RXN-13015|
|RXN-9930|
|RXN-8779|
|RXN-14613|
|RXN-8950|
|RXN-17654|
|RXN-7592|
|RXN-19032|
|RXN0-7100|
|RXN-19718|
|RXN-19934|
|RXN-12583|
|RXN-9446|
|RXN-21080|
|RXN-22764|
|RXN66-13|
|RXN-14185|
|RXN-12418|
|RXN-18169|
|RXN-11666|
|RXN-9848|
|RXN-20081|
|RXN-18637|
|RXN-11520|
|RXN-8406|
|RXN-48|
|RXN-20612|
|RXN-13091|
|RXN-622|
|RXN-18958|
|RXN-20755|
|RXN-11273|
|RXN-13629|
|RXN-19412|
|RXN-13469|
|RXN-15192|
|RXN-14258|
|RXN-12664|
|RXN0-4701|
|RXN-22673|
|RXN-16475|
|RXN-14548|
|RXN-21171|
|RXN-9369|
|RXN-19992|
|RXN-11426|
|RXN-17153|
|RXN-4312|
|RXN-14583|
|RXN-10709|
|RXN-20880|
|RXN-8761|
|RXN-16056|
|RXN-20155|
|RXN-17633|
|RXN-20032|
|RXN-12063|
|RXN1R65-39|
|RXN-13529|
|CHOLESTEROL-OXIDASE-RXN|
|RXN-21388|
|RXN-11646|
|RXN-21586|
|RXN-18617|
|RXN-20592|
|RXN-13071|
|RXN-11642|
|RXN-14501|
|RXN0-5264|
|RXN-18938|
|RXN-10097|
|RXN-14984|
|RXN-9176|
|RXN-2506|
|RXN-16451|
|RXN-21155|
|RXN-9350|
|RXN-14738|
|RXN-14078|
|RXN-19974|
|RXN-21772|
|RXN-15129|
|RXN-15497|
|RXN-22654|
|RXN-18209|
|RXN-20854|
|RXN-20133|
|RXN-12205|
|RXN-21309|
|RXN-7443|
|RXN-10424|
|RXN-8968|
|RXN0-1565|
|RXN-12046|
|RXN1G-6|
|RXN-7744|
|RXN-8901|
|RXN-22722|
|R524-RXN|
|RXN-19152|
|RXN-8510|
|RXN-22345|
|RXN-13223|
|RXN-11155|
|RXN-11463|
|RXN-12536|
|RXN-9414|
|RXN-18430|
|RXN-20573|
|RXN-13044|
|RXN-19221|
|RXN-18921|
|RXN0-6452|
|RXN-8799|
|RXN-10080|
|RXN-13425|
|RXN-20213|
|RXN-10926|
|RXN-17683|
|GSCYSSYN-RXN|
|RXN-22618|
|RXN-16424|
|RXN-14217|
|RXN-12110|
|RXN-18865|
|RXN-11066|
|RXN-19381|
|RXN-22790|
|RXN-14056|
|RXN-18191|
|RXN-15641|
|RXN-17754|
|RXN-20108|
|RXN-17593|
|R213-RXN|
|RXN-12183|
|RXN-11541|
|GLUTARYL-COA-DEHYDROG-RXN|
|RXN-15219|
|RXN-12030|
|RXN-17940|
|MTAMBARKMULTI-RXN|
|RXN-21176|
|RXN3O-3797|
|RXN-19127|
|RXN-22314|
|RXN-19661|
|RXN-21536|
|RXN-20015|
|RXN-13201|
|RXN-12848|
|RXN-11444|
|TRANS-RXN-424|
|RXN-8627|
|RXN-15925|
|RXN-14621|
|RXN-17658|
|RXN-13389|
|RXN-11208|
|RXN-945|
|RXN-22232|
|RXN-22938|
|RXN-13554|
|RXN-12590|
|RXN-18862|
|RXN-19354|
|RXN-18174|
|RXN-19919|
|RXN-20264|
|RXN-17090|
|TRANS-RXN0-283|
|R163-RXN|
|COBALADENOSYLTRANS-RXN|
|RXN-8410|
|RXN-18963|
|RXN-19609|
|RXN-4804|
|RXN-13095|
|RXN-20622|
|RXN0-7392|
|RXN-15196|
|RXN-13633|
|RXN-22916|
|RXN-20447|
|RXN-9196|
|RXN66-338|
|RXN-17918|
|RXN-22684|
|RXN-16997|
|RXN-21175|
|RXN-9376|
|RXN-14103|
|RXN-4316|
|RXN-8938|
|RXN-21793|
|RXN-16197|
|RXN-12990|
|RXN-20164|
|RXN-19181|
|RXN-21522|
|RXN-5166|
|RXN-22397|
|RXN-19018|
|RXN-12068|
|RXN-13533|
|RXN-17919|
|RXN-11650|
|RXN-21590|
|RXNQT-4350|
|RXN-21243|
|RXN-20239|
|RXN-11357|
|RXN-20066|
|RXN0-7231|
|SULFUR-DIOXYGENASE-RXN|
|RXN-11983|
|RXN-9180|
|1.14.13.79-RXN|
|RXN-19088|
|RXN-5481|
|RXN0-6511|
|RXN-22276|
|RXN-19979|
|RXN-21159|
|RXN-11415|
|RXN-18363|
|RXN-15849|
|RXN-7482|
|RXN-21502|
|RXN-14883|
|RXN-10010|
|RXN1G-810|
|LACTALDEHYDE-OXI-RXN|
|RXN-16514|
|RXN-12050|
|RXN-10428|
|RXN-22197|
|RXN-7749|
|RXN-8193|
|RXN-21103|
|RXN-9612|
|RXN-21569|
|RXN-18124|
|RXN-22727|
|RXN-12872|
|RXN-22545|
|RXN0-7227|
|RXN-11339|
|RXN-12540|
|RXN-18926|
|RXN-14809|
|RXN-10930|
|RXN-9337|
|RXN-11399|
|RXN-22797|
|RXN-8275|
|RXN-12948|
|RXN-17456|
|RXN-20114|
|RXN-11549|
|RXN-18835|
|RXN-20647|
|RXN-12034|
|RXN-9058|
|RXN-19498|
|RXN-13496|
|RXN-15030|
|RXN-10990|
|RXN-9219|
|RXN-18105|
|RXNQT-4316|
|RXN-22526|
|RXN-8632|
|RXN-19831|
|RXN-17034|
|RXN-15930|
|RXN-12517|
|RXN-11448|
|RXN-14290|
|RXN-21825|
|RXN-13023|
|RXN-14464|
|RXN-11926|
|RXN-22603|
|RXN-18022|
|LIND-RXN|
|RXN-22840|
|ACONITATEDEHYDR-RXN|
|RXN-18479|
|RXN-9305|
|RXN-22774|
|RXN-8246|
|RXN-21740|
|RXN-7243|
|RXN-1744|
|RXN-16000|
|RXN-14849|
|RXN-18967|
|RXN-4842|
|RXN-10123|
|RXN-20626|
|RXN-17924|
|RXN-20989|
|RXN-15012|
|RXN3O-1120|
|MALTODEG-RXN|
|RXN-20002|
|RXN-8315|
|RXN-21526|
|RXN-7578|
|RXN-15488|
|RXN-15490|
|RXN-19546|
|TRANS-RXN0-541|
|RXN-9639|
|ACETYLENECARBOXYLATE-HYDRATASE-RXN|
|RXN-12243|
|RXN-11031|
|RXN-16909|
|RXN-8017|
|RXN-22756|
|RXN-11807|
|RXN-8688|
|TRANS-RXN0-510|
|RXN-11506|
|TRANS-RXN-297|
|RXN-20604|
|RXN1F-161|
|RXN0-6549|
|RXN-7659|
|RXN-9184|
|TRANS-RXN-477|
|RXN-13940|
|TRANS-RXN-371|
|RXN-21163|
|RXN8J2-148|
|RXN-11270|
|RXN-19983|
|RXN-15854|
|RXN-11419|
|RXN-2785|
|TRANS-RXN0-479|
|RXN-10014|
|RXN-13340|
|RXN-7486|
|RXN-17481|
|RXN0-7185|
|RXN-9080|
|RXN-14888|
|RXN-13869|
|RXN-17971|
|RXN-22201|
|RXN-19525|
|RXN-20876|
|RXN-11012|
|3-ISOPROPYLMALISOM-RXN|
|RXN-22549|
|RXN-11343|
|RXN66-492|
|RXN-12879|
|RXN-17056|
|RXN-2005|
|RXN-17545|
|RXN-21384|
|RXN-14812|
|CHOLINE-OXIDASE-RXN|
|RXN-4704|
|TRANS-RXN-450|
|RXN-11969|
|RXN-13243|
|RXN-10934|
|RXN-9168|
|RXN-20943|
|RXN-8073|
|TRANS-RXN0-511|
|RXN-9719|
|TRANS-RXN-506|
|RXN-22467|
|TRANS-RXN-298|
|RXN-11254|
|RXN-18350|
|RXN-19963|
|RXN-15823|
|RXN-9487|
|RXN-2501|
|RXN-4224|
|RXN-15484|
|RXN-21487|
|RXN-14409|
|RXN-12952|
|RXN-11713|
|TRANS-RXN-372|
|RXN-17460|
|RXN-10855|
|RXN-18990|
|RXN-16320|
|RXN-22181|
|RXN-13500|
|RXN-10996|
|RXN-22711|
|RXN-22531|
|RXN-8174|
|RXN0-7186|
|RXN-12858|
|RXN-14301|
|RXN-18265|
|RXN-18418|
|RXN-17526|
|TRANS-RXN-456|
|RXN-10065|
|RXN-11930|
|RXN-13414|
|RXN-7|
|ABC-28-RXN|
|RXN-8970|
|RXN-22607|
|RXN-16413|
|RXN-19218|
|RXN-19371|
|RXN-16944|
|RXN-19935|
|RXN-11232|
|RXN-8255|
|RXN-21744|
|RXN-15459|
|RXN-18820|
|RXN-14214|
|TRANS-RXN-507|
|RXN-7247|
|RXN2B4Q-40|
|RXN-9046|
|RXN-18971|
|RXN-22550|
|RXN-20459|
|RXN-17930|
|RXN-9575|
|RXN-1348|
|RXN-20998|
|ABC-18-RXN|
|RXN-11752|
|RXN-15720|
|RXN-14781|
|TRANS-RXN-283|
|RXN-8490|
|RXN-7587|
|RXN-10735|
|RXN-10898|
|TRANS-RXN-383|
|RXN-8952|
|RXN-20898|
|TRANS-RXN0-478|
|RXN-8020|
|RXN0-7041|
|RXN-19334|
|RXN-12412|
|RXN-11198|
|FCLREDUCT-RXN|
|RXN-9447|
|RXN-21433|
|RXN-22935|
|RXN-14186|
|RXN-11811|
|RXN-15972|
|RXN-13282|
|RXN-18953|
|RXN-20260|
|TRANS-RXN0-580|
|RXN-17909|
|TRANS-RXN0-549|
|TRANS-RXN0-486|
|TRANS-RXN0-449|
|RXN-22658|
|TRANS-RXN0-214|
|RXN-20756|
|TRANS-RXN-267|
|TRANS-RXN0-577|
|RXN-11274|
|TRANS-RXN0-528|
|RXN0-7389|
|TRANS-RXN0-476|
|TRANS-RXN0-443|
|RXN-15193|
|TRANS-RXN-8|
|RXN-14259|
|RXN-19987|
|TRANS-RXN-141A|
|RXN-11422|
|TRANS-RXN0-570|
|RXN-18230|
|TRANS-RXN0-524|
|TRANS-RXN0-470|
|RXN-17338|
|TRANS-RXN0-284|
|RXN-21329|
|TRANS-RXN-412|
|RXN-18710|
|RXN-18873|
|RXN66-448|
|RXN-10018|
|TRANS-RXN0-565|
|TRANS-RXN0-512|
|TRANS-RXN0-465|
|TRANS-RXN0-279|
|RXN-10710|
|TRANS-RXN-325|
|RXN-20881|
|RXN-16372|
|RXN66-445|
|RXN-8935|
|RXN-13873|
|TRANS-RXN0-561|
|TRANS-RXN0-505|
|RXN-9621|
|TRANS-RXN0-462|
|TRANS-RXN0-274|
|TRANS-RXN-295|
|RXN0-16|
|TRANS-RXN0-595|
|RXN-22388|
|RXN-21582|
|TRANS-RXN0-557|
|TRANS-RXN0-487|
|RXN-11178|
|TRANS-RXN0-453|
|TRANS-RXN0-240|
|RXN-21389|
|TRANS-RXN-272|
|RXN-22905|
|TRANS-RXN0-578|
|RXN-14168|
|RXN-15956|
|TRANS-RXN0-529|
|TRANS-RXN0-480|
|TRANS-RXN0-444|
|TRANS-RXN0-205|
|RXN1A0-6316|
|TRANS-RXN-144|
|RXN-11172|
|RXN-22117|
|TRANS-RXN0-574|
|RXN-943|
|RXN-17882|
|TRANS-RXN0-525|
|TRANS-RXN0-473|
|RXN-14165|
|TRANS-RXN0-417|
|RXN-11643|
|RXN66-449|
|TRANS-RXN0-566|
|TRANS-RXN0-514|
|RXN-17238|
|TRANS-RXN0-466|
|TRANS-RXN0-281|
|TRANS-RXN-361|
|RXN-16967|
|RXN66-446|
|TRANS-RXN0-562|
|RXN-19968|
|TRANS-RXN0-507|
|TRANS-RXN0-463|
|TRANS-RXN0-276|
|RXN-20736|
|TRANS-RXN-318|
|RXN0-1982|
|RXN-18844|
|TRANS-RXN0-558|
|RXN0-7325|
|RXN-14739|
|TRANS-RXN0-495|
|TRANS-RXN0-459|
|RXN-15131|
|TRANS-RXN0-269|
|TRANS-RXN-273|
|RXN-9066|
|RXN-14873|
|RXN0-10|
|RXN-18210|
|TRANS-RXN0-579|
|TRANS-RXN0-539|
|RXN-20855|
|TRANS-RXN0-481|
|RXN-12206|
|TRANS-RXN0-448|
|TRANS-RXN0-213|
|R232-RXN|
|TRANS-RXN-146|
|TRANS-RXN0-575|
|RXN-15237|
|RXN-22535|
|TRANS-RXN0-526|
|RXN-12715|
|TRANS-RXN0-475|
|TRANS-RXN0-418|
|TRANS-RXN-496|
|RXN-8902|
|RXN-12862|
|TRANS-RXN-14|
|RXN-14311|
|TRANS-RXN0-569|
|RXN-11775|
|TRANS-RXN0-522|
|RXN-18753|
|RXN-18425|
|TRANS-RXN0-467|
|RXN-19153|
|TRANS-RXN0-282|
|RXN-16700|
|TRANS-RXN-387|
|RXN-22346|
|RXN66-447|
|RXN-13224|
|TRANS-RXN0-564|
|RXN-11156|
|TRANS-RXN0-509|
|RXN-9415|
|TRANS-RXN0-464|
|RXN-8977|
|TRANS-RXN0-278|
|RXN-16239|
|TRANS-RXN-322|
|RXN-9155|
|RXN1G01-61|
|TRANS-RXN0-560|
|RXN-19222|
|RXN-12271|
|TRANS-RXN0-500|
|TRANS-RXN0-461|
|RXN-8050|
|TRANS-RXN0-272|
|TRANS-RXN-294|
|RXN0-12|
|RXN-17684|
|RXN-9470|
|RXN-14218|
|TRANS-RXN-381|
|RXN-21469|
|RXN-4141|
|RXN-22378|
|TRANS-RXN-239|
|RXN-22351|
|TRANS-RXN0-537|
|TRANS-RXN-141B|
|RXN-18192|
|TRANS-RXN0-490|
|TRANS-RXN-131|
|TRANS-RXN0-445|
|RXN0-1802|
|RXN-20492|
|TRANS-RXN-481|
|RXN-17935|
|RXN-22387|
|TRANS-RXN-270|
|RXN-22352|
|TRANS-RXN0-551|
|TRANS-RXN-145|
|RXN-22514|
|RXN-15315|
|RXN-15220|
|RXN-8153|
|TRANS-RXN0-498|
|RXN-11304|
|TRANS-RXN-137|
|TRANS-RXN0-460|
|RXN0-7206|
|TRANS-RXN-490|
|RXN-18400|
|RXN0-0|
|TRANS-RXN-380|
|RXN-22315|
|RXN-22353|
|TRANS-RXN0-559|
|TRANS-RXN-186|
|RXN-18896|
|RXN-22350|
|TRANS-RXN0-536|
|TRANS-RXN-141|
|RXN-13384|
|TRANS-RXN0-468|
|RXN-10902|
|TRANS-RXN-1|
|TRANS-RXN0-275|
|RXN0-1741|
|TRANS-RXN0-572|
|TRANS-RXN0-556|
|RXN-16763|
|RXN-8025|
|TRANS-RXN0-545|
|TRANS-RXN0-474|
|TRANS-RXN-284|
|TRANS-RXN0-600|
|TRANS-RXN0-563|
|RXN-15788|
|TRANS-RXN0-546|
|RXN0-7115|
|RXN-9450|
|TRANS-RXN0-527|
|RXN-22939|
|TRANS-RXN-310|
|RXN-21437|
|TRANS-RXN0-568|
|TRANS-RXN0-547|
|TRANS-RXN0-544|
|RXN66-145|
|TRANS-RXN0-273|
|RXN-7203|
|TRANS-RXN-10|
|RXN0-22|
|RXN-17755|
|TRANS-RXN66-1231|
|TRANS-RXN0-532|
|TRANS-RXN0-447|
|R164-RXN|
|TRANS-RXN0-226|
|TRANS-RXN-90|
|RXN-16822|
|TRANS-RXN-502|
|RXN-13097|
|TRANS-RXN-473|
|TRANS-RXN-368|
|RXN-8846|
|RXN0-7397|
|TRANS-RXN-35|
|RXN-11278|
|TRANS-RXN-313|
|RXN-15197|
|TRANS-RXN-277|
|RXN-9561|
|TRANS-RXN-23|
|RXN66-339|
|TRANS-RXN-200|
|RXN-19111|
|TRANS-RXN-126A|
|RXN-11739|
|TRANS-RXN-108H|
|RXN-15892|
|RXN3O-9899|
|RXN-21334|
|RXN0-3381|
|RXN0-1924|
|RXN-18714|
|RXN-14653|
|TRANS-RXN2DNV-145|
|RXN-9377|
|RXN-8478|
|TRANS-RXN0-520|
|TRANS-RXN0-270|
|TRANS-RXN0-209|
|RXN-11582|
|RXN-22063|
|TRANS-RXN-77|
|TRANS-RXN-499|
|TRANS-RXN-461|
|TRANS-RXN-364|
|RXN-13705|
|TRANS-RXN-347|
|TRANS-RXN-30|
|RXN-19182|
|TRANS-RXN-262|
|TRANS-RXN-211|
|RXN-15263|
|TRANS-RXN-198|
|RXN-16892|
|TRANS-RXN-123|
|RXN-20681|
|TRANS-RXN-108E|
|TRANS-RXN-108B|
|RXN0-7066|
|RXN0-7050|
|RXN0-1721|
|RXN-14650|
|TRANS-RXN0-622|
|TRANS-RXN0-515|
|R62-RXN|
|RXN-11799|
|TRANS-RXN0-265|
|RXN-18144|
|TRANS-RXN0-201|
|TRANS-RXN-71|
|RXN-13256|
|TRANS-RXN-493|
|TRANS-RXN-425|
|RXN-20240|
|TRANS-RXN-360|
|RXN-17714|
|RXN1F-13|
|TRANS-RXN-342|
|TRANS-RXN-299|
|RXN-17887|
|TRANS-RXN-25|
|TRANS-RXN-209|
|TRANS-RXN-181A|
|RXN-20953|
|TRANS-RXN-121C|
|RXN-8826|
|TRANS-RXN-106B|
|RXN-20234|
|RXN0-5202|
|RXN-13611|
|RXN-17705|
|RXN-22518|
|RXN-14647|
|TRANS-RXN0-576|
|TRANS-RXN0-499|
|TRANS-RXN0-244|
|RXN-11721|
|TRANS-RXN0-0244|
|RXN-22277|
|RXN0-2625|
|TRANS-RXN-62B|
|TRANS-RXN-484|
|RXN-7858|
|TRANS-RXN-415|
|RXN-21498|
|TRANS-RXN-356|
|RXN-12650|
|RXN-18848|
|TRANS-RXN-339|
|RXN66-304|
|TRANS-RXN-286|
|TRANS-RXN-245|
|RXN-9893|
|RXN-13329|
|TRANS-RXN-206|
|TRANS-RXN-16|
|TRANS-RXN-118|
|TRANS-RXN-105|
|RXN-12213|
|RXN0-5111|
|RXN-22357|
|RXN18C3-237|
|RXN-9609|
|TRANS-RXN0-550|
|RXN-7979|
|TRANS-RXN0-469|
|TRANS-RXN0-235|
|TRANS-RXN-94B|
|RXN-12051|
|TRANS-RXN-58|
|RXN-16173|
|TRANS-RXN-478|
|TRANS-RXN-40|
|TRANS-RXN-353|
|RXN-19159|
|TRANS-RXN-336|
|RXN3O-9962|
|RXN-18757|
|TRANS-RXN-281|
|RXN-11779|
|TRANS-RXN-242A|
|RXN-15577|
|TRANS-RXN-204|
|RXN-11160|
|TRANS-RXN-130|
|TRANS-RXN-114|
|TRANS-RXN-100|
|RXN-18598|
|RXN0-2421|
|RXN-12541|
|RXN-22325|
|TRANS-RXN0-533|
|RXN-9979|
|TRANS-RXN0-451|
|RXN-17216|
|TRANS-RXN0-227|
|TRANS-RXN-92|
|TRANS-RXN-503|
|TRANS-RXN-474|
|RXN-17689|
|TRANS-RXN-369|
|TRANS-RXN-350|
|TRANS-RXN-33|
|TRANS-RXN-278|
|RXN-19061|
|RXN-20724|
|TRANS-RXN-24|
|TRANS-RXN-201|
|RXN0-7275|
|TRANS-RXN-126B|
|TRANS-RXN-108I|
|RXN3O-9904|
|RXN-11071|
|RXN0-1981|
|RXN66-184|
|RXN-18828|
|RXN-14654|
|RXN-22798|
|TRANS-RXN66-1155|
|TRANS-RXN0-523|
|TRANS-RXN0-280|
|RXN-9876|
|TRANS-RXN0-211|
|RXN-9053|
|TRANS-RXN-81|
|RXN-16307|
|TRANS-RXN-500|
|RXN-6423|
|TRANS-RXN-470|
|TRANS-RXN-365|
|TRANS-RXN-348|
|RXN-11550|
|TRANS-RXN-300|
|TRANS-RXN-265|
|TRANS-RXN-213|
|TRANS-RXN-199|
|TRANS-RXN-125|
|TRANS-RXN-108F|
|RXN0-7077|
|RXN-16677|
|RXN0-18|
|RXN-22319|
|RXN-14651|
|RXN3O-470|
|RXN-21355|
|TRANS-RXN18HP-97|
|RXN-18106|
|TRANS-RXN0-517|
|R461-RXN|
|RXN-17370|
|TRANS-RXN0-266|
|TRANS-RXN0-203|
|TRANS-RXN-72|
|RXN-21206|
|RXN-11608|
|TRANS-RXN-494|
|TRANS-RXN-426|
|TRANS-RXN-362|
|RXN-17190|
|TRANS-RXN-344|
|TRANS-RXN-29A|
|RXN-21826|
|TRANS-RXN-26|
|RXN-13024|
|RXN-20909|
|TRANS-RXN-21|
|RXN-12258|
|TRANS-RXN-188|
|RXN-16767|
|TRANS-RXN-122|
|TRANS-RXN-108C|
|RXN-20707|
|TRANS-RXN-108|
|RXN0-5203|
|RXN-19043|
|RXN-22596|
|RXN-7802|
|RXN-14648|
|RXN-10474|
|RXN-15792|
|TRANS-RXN0-592|
|TRANS-RXN0-501|
|TRANS-RXN0-258|
|RXN66-16|
|TRANS-RXN0-181|
|TRANS-RXN-68|
|RXN-15626|
|TRANS-RXN-486|
|RXN-22775|
|TRANS-RXN-42|
|TRANS-RXN-357|
|TRANS-RXN-340|
|TRANS-RXN-29|
|TRANS-RXN-246|
|TRANS-RXN-207|
|TRANS-RXN-162|
|RXN-20091|
|TRANS-RXN-121|
|RXN-20771|
|TRANS-RXN-106|
|RXN0-5130|
|RXN-22385|
|RXN-4843|
|ACH1-RXN|
|RXN-20627|
|TRANS-RXN0-553|
|RXN-11284|
|TRANS-RXN0-493|
|TRANS-RXN0-236|
|TRANS-RXN-98|
|RXN-15013|
|TRANS-RXN-61|
|TRANS-RXN-479|
|RXN3O-117|
|RXN-11113|
|TRANS-RXN-41|
|TRANS-RXN-354|
|RXN-22847|
|TRANS-RXN-337|
|TRANS-RXN-282|
|RXN-8482|
|TRANS-RXN-243|
|TRANS-RXN-205|
|TRANS-RXN-132|
|RXN-10723|
|TRANS-RXN-116|
|TRANS-RXN-101|
|RXN-8943|
|RXN0-2501|
|RXN-21803|
|RXN-22347|
|TRANS-RXN0-534|
|SPONTPRO-RXN|
|TRANS-RXN0-452|
|TRANS-RXN0-228|
|TRANS-RXN-94|
|TRANS-RXN-56|
|RXN-22405|
|TRANS-RXN-475|
|TRANS-RXN-379|
|TRANS-RXN-351|
|TRANS-RXN-330|
|RXN-944|
|TRANS-RXN-279|
|RXN-19548|
|RXN-22914|
|TRANS-RXN-241|
|TRANS-RXN-202|
|TRANS-RXN-127|
|TRANS-RXN-112|
|RXN3O-9919|
|RXN-17252|
|RXN0-2162|
|RXN-18630|
|RXN-15314|
|R127-RXN|
|TRANS-RXN66-1159|
|RXN-20250|
|TRANS-RXN0-530|
|TRANS-RXN0-288|
|RXN-20072|
|TRANS-RXN0-212|
|TRANS-RXN-82|
|RXN-8830|
|TRANS-RXN-501|
|TRANS-RXN-471|
|RXN-12149|
|RXN-16808|
|TRANS-RXN-367|
|RXN-20605|
|TRANS-RXN-349|
|RXN0-7363|
|TRANS-RXN-31|
|RXN-19094|
|RXN-19790|
|TRANS-RXN-27|
|RXN-15147|
|RXN-11265|
|TRANS-RXN-22|
|RXN-7660|
|RXN-12657|
|TRANS-RXN-20|
|TRANS-RXN-126|
|TRANS-RXN-108G|
|RXN-11097|
|RXN3O-9786|
|RXN0-1923|
|RXN-14652|
|TRANS-RXN2317-82|
|RXN-21164|
|TRANS-RXN0-519|
|RXN-9897|
|RXN66-311|
|RXN-14753|
|TRANS-RXN0-267|
|TRANS-RXN0-204|
|RXN-15671|
|TRANS-RXN-76|
|TRANS-RXN-495|
|TRANS-RXN-460|
|RXN-17625|
|TRANS-RXN-363|
|TRANS-RXN-346|
|TRANS-RXN-3|
|TRANS-RXN-261|
|TRANS-RXN-210|
|TRANS-RXN-195|
|TRANS-RXN-122A|
|TRANS-RXN-108D|
|RXN-16520|
|TRANS-RXN-108A|
|RXN66-488|
|RXN0-6|
|RXN-22202|
|RXN-5076|
|RXN-19164|
|RXN-14649|
|RXN-15581|
|RXN-16710|
|TRANS-RXN0-616|
|RXN-11013|
|RXN-22362|
|TRANS-RXN0-502|
|TRANS-RXN0-264|
|RXN-11164|
|R547-RXN|
|TRANS-RXN0-200|
|RXN-9422|
|TRANS-RXN-69|
|TRANS-RXN-489|
|RXN-8362|
|RXN-13239|
|TRANS-RXN-423|
|TRANS-RXN-359|
|TRANS-RXN-341|
|RXN-20050|
|TRANS-RXN-292|
|RXN-17546|
|RXN-8811|
|TRANS-RXN-247|
|TRANS-RXN-208|
|TRANS-RXN-177|
|RXN-4705|
|TRANS-RXN-121A|
|TRANS-RXN-106A|
|RXN0-5201|
|RXN-22449|
|RXN-11249|
|RXN-14646|
|RXN-20728|
|TRANS-RXN0-571|
|RXN-14968|
|TRANS-RXN0-496|
|TRANS-RXN0-239|
|RXN0-7291|
|TRANS-RXN-99|
|TRANS-RXN-62A|
|RXN-15121|
|TRANS-RXN-482|
|TRANS-RXN-413|
|RXN66-21|
|TRANS-RXN-355|
|RXN-18504|
|RXN-18202|
|TRANS-RXN-338|
|TRANS-RXN-285|
|TRANS-RXN-244|
|RXN-20120|
|RXN-21301|
|TRANS-RXN-205A|
|TRANS-RXN-142|
|RXN-15485|
|R224-RXN|
|TRANS-RXN-117|
|RXN-8436|
|TRANS-RXN-104|
|RXN-5063|
|RXN-20797|
|RXN0-4083|
|RXN-20653|
|RXN-22355|
|TRANS-RXN0-538|
|TRANS-RXN0-457|
|TRANS-RXN0-233|
|RXN-18991|
|RXN-15228|
|TRANS-RXN-94A|
|RXN-1026|
|TRANS-RXN-57|
|RXN-22182|
|TRANS-RXN-476|
|TRANS-RXN-384|
|RXN-13501|
|TRANS-RXN-352|
|RXN-10997|
|RXN-22327|
|TRANS-RXN-335|
|TRANS-RXN-280|
|RXN-22713|
|TRANS-RXN-242|
|R465-RXN|
|TRANS-RXN-203|
|TRANS-RXN-129|
|TRANS-RXN-113|
|RXN-9951|
|TRANS-RXN2B4Q-125|
|RXN-20160|
|RXN-20056|
|RXN-17527|
|RXN-19214|
|RXN-19048|
|RXN-16771|
|RXN-14471|
|RXN-20000|
|RXN-11931|
|RXN-19743|
|RXN0-5401|
|RXN-13566|
|DICHCYCLO-RXN|
|RXN-22949|
|RXN-20017|
|RXN-18031|
|RXN-22779|
|RXN-14048|
|RXN66-164|
|RXN-11684|
|DSBDC-RXN|
|RXN-18184|
|RXN-15630|
|RXN0-2061|
|RXN-14710|
|RXN-20096|
|RXN-21745|
|RXN-17586|
|RXN-4848|
|RXN-13105|
|RXN-6271|
|RXN-20631|
|RXN-16010|
|RXN-12023|
|RXN-7691|
|RXN-18972|
|RXN-15210|
|RXN-19430|
|RXN-18089|
|RXN66-347|
|RXN-11122|
|RXN-15715|
|RXN-18723|
|RXN-12504|
|RXN-8486|
|RXN-9922|
|RXN-21807|
|RXN-13005|
|RXN-14609|
|RXN-10731|
|RXN-17648|
|RXN-16206|
|RXN-5282|
|RXN-20695|
|RXN-19190|
|RXN0-7083|
|RXN-19557|
|RXN-19715|
|DHBAMPLIG-RXN|
|RXN1ZN3-10|
|RXN66-105|
|RXN-22761|
|RXN-22919|
|TRANS-RXN-508|
|RXN-15608|
|RXN0-1402|
|RXN-18634|
|RXN-20079|
|RXN-14693|
|RXN-8398|
|RXN-15438|
|RXNQT-4360|
|RXN-4763|
|RXN-15973|
|RXN-13626|
|RXN-18954|
|RXN-7666|
|RXN0-7383|
|RXN-22285|
|RXN-17928|
|RXN-11100|
|RXN-22659|
|RXN-15693|
|RXN-21168|
|RXN-18527|
|RXN-17934|
|RXN0-5435|
|RXN-14577|
|RXN-13159|
|RXN-17927|
|RXN-11423|
|RXN-20150|
|RXN-17910|
|RXN-4309|
|RXN-20034|
|RXN-20673|
|RXN-16527|
|RXN-18135|
|RXN-14381|
|RXN-12394|
|RXN-9828|
|RXN-11168|
|RXN-19466|
|RXN-2006|
|RXN-15416|
|RXN-17550|
|RXNQT-4343|
|RXN-13068|
|RXN-11639|
|RXN-8675|
|RXN-19449|
|RXN-20588|
|RXN-15957|
|RXN-11974|
|1.14.13.72-RXN|
|RXN-19364|
|RXN-12131|
|RXN-21152|
|RXN-9347|
|RXN-18508|
|RXN-15125|
|RXN-12878|
|RXN-16968|
|RXN-15494|
|RXN-18206|
|RXN-12546|
|RXN-11408|
|RXN-20127|
|RXN-18676|
|RXN-12076|
|RXN-5081|
|RXN-8440|
|RXN-21592|
|RXN-18995|
|RXN-12043|
|RXN-18343|
|RXN-13505|
|RXN-11000|
|RXN-21194|
|RXN-22719|
|RXN-16689|
|RXN-21123|
|RXN-12372|
|RXN-21215|
|RXN-19674|
|RXN-21551|
|RXN-20035|
|RXN-15395|
|RXN-12864|
|RXN-4545|
|RXN-20570|
|RXN-8796|
|RXN-11935|
|RXN-20860|
|RXN-18918|
|RXN-10077|
|RXN-17026|
|RXN-19584|
|RXN0-7187|
|RXN-9316|
|RXN-21104|
|RXN-22785|
|RXN-18491|
|RXN-12608|
|RXN-20477|
|RXN-18188|
|FMN-RED-RXN|
|RXN-21750|
|RXN-22924|
|RXN-11391|
|RXN-21288|
|R207-RXN|
|RXN-20635|
|RXN-12027|
|RXN-10133|
|RXN0-6944|
|RXN-8863|
|RXN-10981|
|RXN-18093|
|RXN-17936|
|RXN-22697|
|RXN-16660|
|RXN-9771|
|RXN-12509|
|RXN-21814|
|RXN-13016|
|RXN-8624|
|RXN-8780|
|RXN-15921|
|RXN-14614|
|RXN-16466|
|RXN-7593|
|RXN-19033|
|RXN-17655|
|RXN-22335|
|RXN-18897|
|RXN-10903|
|RXN-18011|
|RXN0-7101|
|LINABSPON-RXN|
|RXN-22765|
|RXN-13895|
|RXN-14666|
|RXN-18170|
|RXN-19484|
|RXN-20082|
|RXN-17574|
|RXNQT-4364|
|RXN-11521|
|RXN-19463|
|RXN-15979|
|RXN-4801|
|RXN-8407|
|RXN-20613|
|RXN-13092|
|RXN-18960|
|RXN-7204|
|RXN0-6676|
|RXN-19446|
|RXN-13630|
|RXN-1347|
|RXN-9193|
|RXN-22674|
|RXN-21172|
|RXN-19632|
|RXN-18532|
|RXN-9370|
|RXN-11427|
|RXN-17154|
|RXN-14584|
|RXN-18538|
|RXN-21519|
|RXN-16533|
|RXN-21561|
|RXN-14904|
|RXN0-5419|
|RXN1R65-43|
|RXN-12065|
|RXN-13530|
|RXN-21397|
|RXN-9676|
|RXN-16894|
|RXN-21119|
|RXN-12896|
|RXN-17556|
|RXN-8680|
|RXN-20593|
|RXN-17210|
|RXN-14503|
|RXN-11978|
|RXN-10098|
|RXN-8822|
|RXN-9177|
|RXN-16452|
|RXN-21156|
|RXN-9732|
|RXN-18513|
|RXN-20957|
|RXN-9351|
|RXN-19975|
|RXN-22956|
|RXN-15337|
|RXN-11412|
|RXN-15498|
|RXN-12965|
|RXN-22856|
|RXN-20134|
|RXN-17614|
|RXN-745|
|RXN-21499|
|RXN-17472|
|RXN-22678|
|RXN1G-807|
|RXN-12047|
|RXN-10871|
|RXN-20272|
|RXN-22723|
|RXN-22651|
|RXN-8186|
|RXN-15571|
|RXN-21563|
|RXN-12869|
|RXN-22542|
|RXN-8654|
|RXN-16578|
|RXN-18431|
|RXN-20574|
|RXN-3482|
|RXN-14480|
|RXN-21841|
|RXN-22436|
|RXN-14325|
|CHOLESTANETETRAOL-26-DEHYDROGENASE-RXN|
|RXN-15512|
|RXN-18922|
|RXN0-6460|
|RXN-16450|
|RXN-14806|
|RXN-10927|
|RXN-22332|
|RXN-22619|
|RXN-9320|
|RXN-14565|
|RXN-22791|
|RXN-8055|
|RXN-19948|
|RXN-15319|
|RXN-12943|
|RXN-13836|
|RXN-17594|
|RXN-10138|
|RXN-18829|
|RXN1G-291|
|RXN-13492|
|RXN-20639|
|RXN-19443|
|RXN-12031|
|RXN-13352|
|RXN-9213|
|RXN-9054|
|L-GULONOLACTONE-OXIDASE-RXN|
|RXN-16308|
|RXN-19342|
|RXN-18102|
|RXN-21537|
|RXN-18870|
|RXN-12849|
|RXN-11445|
|RXN-21197|
|RXN-19828|
|RXNQT-4301|
|RXN-3184|
|RXN-21821|
|RXN-13020|
|RXN-17522|
|RXN-8784|
|RXN-10054|
|RXN-11955|
|RXN-9142|
|RXN-21552|
|RXN-16407|
|RXN-22233|
|RXN-18012|
|RXN-9301|
|RXN-14031|
|RXN-19920|
|RXN-17709|
|RXN-17091|
|RXN-11120|
|RXN-21116|
|TYROSINE-N-MONOOXYGENASE-RXN|
|RXN-17578|
|RXN-18964|
|RXN-11525|
|RXN-18813|
|RXN-7227|
|RXN-20623|
|RXN-10969|
|RXN0-6720|
|RXN-10825|
|RXN-9197|
|RXN-17920|
|RXN-18079|
|RXN-16998|
|RXN-20493|
|RXN-22501|
|RXN-11286|
|RXN-4317|
|RXN-9566|
|RXN-15905|
|RXN-21794|
|RXN-22941|
|RXN-12991|
|RXN-11745|
|RXN-16877|
|2.6.1.7-RXN|
|FAD-OX-RXN|
|RXN-21523|
|RXN-16758|
|RXN-20306|
|RXN-9098|
|RXN-9636|
|RXN-22648|
|RXN-8685|
|RXN-17072|
|RXN-20052|
|RXN-11804|
|RXN-18945|
|RXN-20601|
|RXN-11984|
|RXN-15509|
|RXN-9181|
|RXN-10795|
|RXN-16426|
|RXN-16456|
|RXN-21160|
|RXN-15345|
|RXN-19980|
|RXN-11416|
|RXN-19499|
|RXN-4287|
|RXN-18364|
|RXN-15850|
|RXN-14252|
|RXN0-5294|
|RXN-19478|
|RXN-7483|
|RXN-14885|
|RXN-19456|
|RXN1G-811|
|RXN-17968|
|RXN1G-288|
|RXN-19439|
|RXN-13349|
|RXN-9613|
|RXN-8194|
|RXN-12221|
|RXN-21570|
|RXN-22728|
|RXN-22546|
|RXN-12873|
|RXN-7984|
|RXN-9820|
|RXN-18867|
|RXN-18436|
|RXN-12974|
|RXN66-489|
|RXN-3521|
|RXN-11786|
|RXN-12556|
|RXN-21381|
|RXN-18578|
|RXN-9164|
|RXN0-7169|
|RXN-14960|
|RXN-8991|
|RXN-708|
|RXN-19231|
|RXN-21130|
|RXN-14406|
|RXN-15481|
|RXN-17498|
|CARBOXY-OXOHEPT-ENEDIOATE-DECARBOXY-RXN|
|RXN0-5222|
|RXN-12949|
|RXN-10991|
|RXN-21112|
|RXN-17457|
|RXN-18986|
|RXN-10244|
|RXN-9059|
|RXN-21024|
|RXN-13497|
|RXN-10992|
|RXN-12854|
|RXN-19832|
|RXNQT-4317|
|RXN-11317|
|RXN-15229|
|RXN-18412|
|RXN-20488|
|RXN-20023|
|RXN-11449|
|RXN-14465|
|RXN-11927|
|RXN0-6256|
|RXN-7602|
|RXN-22604|
|RXN-10753|
|RXN-6861|
|RXN-18024|
|LINE-RXN|
|ACONITATEHYDR-RXN|
|RXN-18480|
|RXN-19215|
|RXN-16772|
|RXN-22439|
|RXN-21741|
|RXN-22616|
|RXN-19744|
|RXN-21457|
|RXN-22950|
|RXN-7244|
|RXN-16002|
|RXN-22521|
|RXN-1485|
|RXN-18968|
