|RXN-16531|
|3.4.21.118-RXN|
|RXN-19867|
|3.4.15.4-RXN|
|RXN-22425|
|RXN-20300|
|6.1.1.26-RXN|
|RXN-15396|
|RXN1G-554|
|RXN-16387|
|PHENYLALANINE--TRNA-LIGASE-RXN|
|RXN-8142|
|RXN-19846|
|RXN-22244|
|RXN-15038|
|RXN-11295|
|RXN-17003|
|RXN1G-440|
|2.7.11.6-RXN|
|RXN-19495|
|RXN-21735|
|RXN-14390|
|RXN66-348|
|RXN1G-3660|
|VCREDCHLOR-RXN|
|RXN-19474|
|RXN-11907|
|3.4.21.4-RXN|
|RXN-21706|
|RXN-7580|
|RXN1G-309|
|R361-RXN|
|RXN-19453|
|3.4.23.40-RXN|
|RXN-13365|
|RXN-21689|
|RXN-6684|
|RXN1G-279|
|1.7.2.3-RXN|
|RXN-19435|
|RXN-21072|
|RXN-13267|
|RXN-21672|
|1.3.3.9-RXN|
|RXN1G-210|
|1.2.7.4-RXN|
|1.2.7.4-RXN_REV|
|RXN-19084|
|RXN-15431|
|RXN-21656|
|RXN-19716|
|RXN1G-1527|
|RXN-21430|
|RXN-21640|
|RXN1G-1015|
|RXN-18700|
|RXN-12552|
|RXN-21623|
|3.4.21.94-RXN|
|RXN0-947|
|RXN-18545|
|RXN-17258|
|RXN-12215|
|RXN-12215_REV|
|RXN-21604|
|RXN0-6442|
|1.97.1.1-RXN|
|RXN-9185|
|RXN-18456|
|RXN-1181|
|RXN-16460|
|RXN-21423|
|PEPTIDYLTRANSFERASE-RXN|
|RXN0-2142|
|RXN-17984|
|RXN-9741|
|RXN-11478|
|RXN-11271|
|RXN-21237|
|3.1.26.2-RXN|
|RXN-9777|
|RXN-17846|
|RXN-2841|
|RXN-1142|
|RXN-11195|
|RXN-21127|
|RXN-11731|
|RXN-9654|
|RXN-17491|
|RXN0-3182|
|RXN-10682|
|RXN-15694|
|RXN-11887|
|RXN-21108|
|RXN-9557|
|3.4.21.19-RXN|
|RXN-22056|
|RXN-17250|
|RXN-10060|
|RXN-21008|
|3.4.23.23-RXN|
|RXN-9535|
|RXN-17172|
|PYROGLUTAMYL-PEPTIDASE-I-RXN|
|RXN-20874|
|THYROXINE-DEIODINASE-RXN|
|RXN-9514|
|UDPHYDROXYMYRGLUCOSAMNACETYLTRANS-RXN|
|RXN-17075|
|NADPH--FERRIHEMOPROTEIN-REDUCTASE-RXN|
|RXN-20761|
|RXN-21577|
|RXN-8130|
|RXN-8130_REV|
|RXN-1541|
|TAU-PROTEIN-KINASE-RXN|
|RXN-12880|
|RXN-17013|
|RXN-8671|
|RXN-20485|
|RXN-16186|
|TRNA-CYTIDYLYLTRANSFERASE-RXN|
|RXN-7667|
|RXN-21386|
|RXN-15952|
|RXN66-639|
|RXN-16908|
|3.4.21.79-RXN|
|RXN-20465|
|RXN-21981|
|RXN-22928|
|RXN-22371|
|RXN66-623|
|RXN-16837|
|RXN-16837_REV|
|RXN-11169|
|DISULFOXRED-RXN|
|RXN-9169|
|RXN-22843|
|RXN-13782|
|RXN66-595|
|RXN-16725|
|2.1.1.62-RXN|
|CARBOXYPEPTIDASE-A-RXN|
|RXN-20289|
|RXN-22468|
|RXN-22664|
|RXN-15942|
|3.1.21.1-RXN|
|RXN2B4Q-56|
|RXN-8578|
|RXN-16675|
|RXN-20245|
|RXN-4225|
|RXN-22573|
|RXN-14412|
|RXN-14412_REV|
|RXN-15816|
|RXN1G-94|
|RXN-16619|
|3.4.22.59-RXN|
|3.4.19.5-RXN|
|RXN-22489|
|3.4.22.6-RXN|
|RXN-9063|
|RXN1G-679|
|RXN-16322|
|RXN-16470|
|3.4.21.112-RXN|
|RXN-19864|
|RXN-22365|
|RXN-15342|
|RXN1G-526|
|RXN-16319|
|3.1.2.21-RXN|
|RXN-19839|
|RXN-19809|
|RXN-13136|
|RXN-11325|
|RXN-22089|
|RXN-14958|
|RXN1G-420|
|RXN1G-4141|
|RXN-16165|
|RXN-19489|
|RXN-21724|
|RXN-19145|
|RXN-14384|
|RXN-8508|
|3.4.21.64-RXN|
|RXN1G-363|
|RXN-19675|
|RXN-19468|
|RXN-13624|
|RXN-21703|
|RXN1G-30|
|RXN-16414|
|2.3.1.100-RXN|
|RXN-19450|
|RXN-13360|
|RXN-19219|
|RXN-21686|
|RXN1G-266|
|1.5.8.1-RXN|
|3.1.11.3-RXN|
|RXN-19365|
|RXN-20211|
|RXN66-607|
|RXN-19937|
|RXN-13261|
|RXN-21669|
|RXN1G-196|
|1.18.1.2-RXN|
|1.18.1.2-RXN_REV|
|RXN-19077|
|RXN-21653|
|RXN1G-1325|
|RXN-15109|
|RXN-18807|
|RXN-12887|
|3.4.22.31-RXN|
|RXN-21637|
|RXN66-169|
|RXN1F-357|
|RXN-18678|
|RXN-17931|
|RXN-21620|
|RXN-18542|
|RXN-12077|
|RXN-21593|
|RXN0-6366|
|RXN-18344|
|RXN185E-10|
|RXN-11762|
|RXN-21408|
|RXN-10652|
|RXN-12691|
|RXN-8620|
|RXN-17943|
|RXN-11474|
|RXN-16149|
|RXN-14278|
|RXN-21198|
|RXN-9729|
|RXN-17823|
|RXN-11176|
|RXN-21124|
|RXN-9651|
|3.4.21.46-RXN|
|RXN-10674|
|RXN-21105|
|RXN-22865|
|RXN-9554|
|RXN-17224|
|RXN-10025|
|RXN-16399|
|RXN-20975|
|RXN-9932|
|RXN-9532|
|RXN-17182|
|1.3.99.18-RXN|
|RXN-12251|
|RXN-17167|
|RXN-8022|
|RXN-19338|
|RXN-20862|
|2.7.11.27-RXN|
|RXN-8926|
|RXN-17656|
|TROPOMYOSIN-KINASE-RXN|
|RXN-19726|
|RXN-17027|
|RXN-5321|
|RXN-11206|
|MYRISTOYLACYLTRAN-RXN|
|RXN-20700|
|RXN-20501|
|RXN-3701|
|RXN-8125|
|RXN-8125_REV|
|RXN-16987|
|RXN-18799|
|HYDROG-RXN|
|HYDROG-RXN_REV|
|RXN-12585|
|RXN-719|
|RXN-20480|
|3.6.4.5-RXN|
|RXN66-141|
|RXN66-636|
|RXN-18172|
|3.4.21.98-RXN|
|RXN-16905|
|RXN1F-166|
|FORMATE-DEHYDROGENASE-CYTOCHROME-RXN|
|RXN-20460|
|RXN-17911|
|RXN-22925|
|RXN-13807|
|RXN66-620|
|RXN-16834|
|R161-RXN|
|DEPHOSICITDEHASE-RXN|
|RXN-20317|
|RXN-22752|
|RXN-16023|
|RXN66-587|
|RXN-16715|
|RXN8J2-80|
|RXN-20286|
|1.14.21.2-RXN|
|RXN-22661|
|DEHYDROGLUCONATE-DEHYDROGENASE-RXN|
|RXN-15881|
|RXN-15915|
|RXN-16643|
|RXN-16632|
|RXN0-3261|
|4.2.1.59-RXN|
|RXN-22570|
|RXN-22570_REV|
|3.4.21.22-RXN|
|RXN-15784|
|RXN-9371|
|RXN1G-89|
|RXN-16615|
|3.4.22.56-RXN|
|RXN-19952|
|RXN-22480|
|RXN1G-648|
|RXN-16467|
|3.4.21.107-RXN|
|RXN-19859|
|RXN-22336|
|RXN-22390|
|RXN66-498|
|RXN-19888|
|RXN-15338|
|RXN1G-508|
|RXN-12066|
|RXN-16316|
|DEOXYHYPUSINE-MONOOXYGENASE-RXN|
|3-OXOACYL-ACP-SYNTH-BASE-RXN|
|TRNA-S-TRANSFERASE-RXN|
|RXN-11795|
|RXN-22026|
|RXN-14954|
|RXN-14954_REV|
|RXN-712|
|RXN-14846|
|RXN1G-408|
|3.4.21.83-RXN|
|RXN-19485|
|RXN-14682|
|RXN-21721|
|3.4.11.2-RXN|
|RXN-14107|
|RXN-21241|
|RXN1G-355|
|RXN-18621|
|ISPH2-RXN|
|RXN-19464|
|1.7.99.8-RXN|
|5.3.4.1-RXN|
|RXN-19242|
|RXN-21700|
|RXN-21861|
|RXN1G-296|
|RXN-22473|
|RXN-19447|
|RXN-14679|
|RXN-21683|
|RXN-16116|
|3.4.11.17-RXN|
|RXN1G-26|
|1.3.7.4-RXN|
|1.14.13.77-RXN|
|RXN-19349|
|RXN-13258|
|RXN-21666|
|RXN-11718|
|RXN1G-184|
|URACIL-DEHYDROGENASE-RXN|
|1.14.19.1-RXN|
|RXN-12137|
|RXN-19068|
|RXN-18845|
|RXN-13010|
|RXN-21650|
|RXN-9352|
|3.4.21.100-RXN|
|RXN1G-127|
|RXN-22811|
|RXN-18798|
|RXN-1408|
|RXN-21634|
|RXN1A0-6110|
|RXN-18639|
|RXN-12491|
|RXN-21617|
|RXN-20135|
|RXN0-7312|
|R233-RXN|
|RXN-18539|
|RXN-7976|
|RXN-12006|
|RXN-21562|
|RXN0-5468|
|RXN-18341|
|RXN-12048|
|RXN-11706|
|RXN-21398|
|RXN-14313|
|RXN-11333|
|R526-RXN|
|RXN-21150|
|RXN-9677|
|3.4.21.68-RXN|
|RXN-17732|
|RXN-19682|
|RXN-11145|
|ALKANAL-MONOOXYGENASE-FMN-LINKED-RXN|
|RXN-11157|
|RXN-21120|
|RXN-9635|
|RXN-10660|
|RXN-9551|
|RXN-21842|
|RXN-19223|
|RXN-17212|
|RXN-10022|
|RXN-8051|
|RXN-20969|
|RXN-9528|
|RXN-17155|
|PLASTOQUINOL--PLASTOCYANIN-REDUCTASE-RXN|
|1.14.13.57-RXN|
|RXN-20856|
|RXN-9471|
|RXN-19058|
|RXN-12115|
|RXN-11697|
|RXN-20498|
|RXN-8101|
|RXN0-2584|
|RXN66-659|
|RXN-11068|
|RXN-16942|
|RXN66-181|
|RXN-20475|
|RXN-1406|
|RXN-15646|
|RXN-2861|
|RXN66-633|
|RXN-16900|
|RXN-21293|
|RXN-21293_REV|
|FLAVONADPREDUCT-RXN|
|FLAVONADPREDUCT-RXN_REV|
|RXN-641|
|RXN-20451|
|RXN-22922|
|RXN66-617|
|RXN-17596|
|RXN-16805|
|CYTOCHROME-C-PEROXIDASE-RXN|
|RXN-10667|
|RXN-20314|
|RXN-22680|
|RXN-15996|
|RXN-12032|
|RXN66-357|
|RXN3O-9780|
|RXN-16705|
|ALANINE-CARBOXYPEPTIDASE-RXN|
|RXN-20273|
|RXN-22652|
|RXN-22652_REV|
|RXN-18735|
|RXN-15895|
|3.4.21.5-RXN|
|RXN-16629|
|RXN-20195|
|RXN-17840|
|RXN-22567|
|RXN-15779|
|RXN1G-881|
|RXN-16584|
|RXN-8329|
|RXN-17186|
|RXN-20904|
|3.4.22.53-RXN|
|RXN-21822|
|RXN-14623|
|RXN-19894|
|RXN-13021|
|RXN-19203|
|RXN-8026|
|RXN-15564|
|RXN1G-617|
|RXN-16463|
|3.4.11.24-RXN|
|RXN-1121|
|RXN-19853|
|RXN-22333|
|RXN-15280|
|RXN1G-471|
|RXN-19619|
|RXN66-146|
|RXN-1727|
|RXN-19503|
|RXN-19503_REV|
|RXN-15623|
|RXN-13288|
|RXN-21818|
|3.4.14.10-RXN|
|RXN-14566|
|RXN-20284|
|RXN1G-395|
|2.7.11.15-RXN|
|RXN-19482|
|RXN-21717|
|RXN-8412|
|RXN-13837|
|RXN1G-337|
|RXN-12162|
|RXN-19461|
|RXN0-7398|
|RXN-13451|
|RXN-21696|
|RXN-12014|
|RXN-15199|
|RXN1G-292|
|1.14.99.20-RXN|
|1.8.4.8-RXN|
|RXN66-340|
|RXN-19444|
|RXN-13353|
|3.4.24.66-RXN|
|RXN-21680|
|RXN1G-252|
|RXN-18080|
|1.21.4.4-RXN|
|RXN-19637|
|RXN-19344|
|RXN-11109|
|RXN-13215|
|3.4.21.3-RXN|
|RXN-21663|
|RXN1G-172|
|1.10.2.2-RXN|
|RXN-18879|
|RXN-8313|
|RXN-21647|
|RXN-21797|
|RXN-21797_REV|
|RXN-17163|
|RXN1G-1130|
|RXN-20887|
|RXN-12619|
|RXN-19183|
|RXN-21631|
|RXN1A0-6094|
|RXN-18614|
|RXN-12741|
|RXN-12432|
|RXN-21614|
|RXN-18534|
|RXN-12003|
|RXN-21554|
|RXN-21402|
|RXN-1103|
|RXN-11692|
|RXN-21395|
|RXN-8532|
|RXN-9944|
|RXN-10790|
|RXN-21147|
|RXN-17073|
|RXN-21247|
|RXN-9662|
|RXN-11123|
|RXN-8386|
|RXN-21117|
|RXN-19246|
|RXN-9632|
|RXN-10657|
|RXN-21062|
|RXN-9548|
|RXN-11262|
|RXN-17195|
|RXN0-6529|
|RUBREDOXIN--NAD+-REDUCTASE-RXN|
|RXN-9497|
|RXN-20956|
|RXN-2581|
|RXN-9524|
|3.4.24.51-RXN|
|RXN-17146|
|RXN-20792|
|RXN-8390|
|RXN-17020|
|RXN-21161|
|MALONYL-COA-ACP-TRANSACYL-RXN|
|RXN-18518|
|3.4.21.105-RXN|
|RXN-20494|
|RXN66-305|
|RXN-8098|
|RXN66-646|
|RXN-8296|
|RXN-16921|
|GLYCOGENIN-GLUCOSYLTRANSFERASE-RXN|
|RXN-20472|
|RXN-18691|
|RXN-22947|
|R246-RXN|
|RXN66-630|
|RXN-16878|
|FAD-RED-RXN|
|RXN-7980|
|RXN-20415|
|RXN-22854|
|RXN-19004|
|RXN66-613|
|RXN-12052|
|RXN-16759|
|CYTD-RED-RXN|
|RXN-7750|
|RXN-20307|
|1.2.99.7-RXN|
|RXN-22676|
|RXN-19161|
|RXN-15993|
|RXN3O-5293|
|RXN-16698|
|ACYLAMINOACYL-PEPTIDASE-RXN|
|RXN-11161|
|RXN-20270|
|RXN-22649|
|RXN-15890|
|RXN-14152|
|RXN1UA-66|
|RXN-16626|
|3.4.24.83-RXN|
|RXN-20054|
|RXN-22562|
|3.2.2.15-RXN|
|RXN1G-820|
|RXN-14487|
|RXN-16099|
|RXN-22460|
|3.4.22.50-RXN|
|RXN-19890|
|RXN0-6482|
|RXN-22434|
|RXN-7631|
|RXN1G-582|
|3.4.24.35-RXN|
|RXN-11702|
|RXN-19850|
|RXN-22329|
|RXN0-2606|
|RXN-15198|
|RXN1G-464|
|3.4.17.17-RXN|
|PROPCOASYN-RXN|
|RXN-19500|
|RXN-21796|
|R221-RXN|
|R221-RXN_REV|
|RXN1G-374|
|2.7.1.109-RXN|
|RXN-19479|
|RXN-16022|
|RXN-13834|
|RXN1G-324|
|2.3.1.41-RXN|
|RXN-18987|
|RXN-19458|
|RXN-12036|
|RXN-13388|
|RXN66-361|
|RXN-21693|
|RXN1G-289|
|RXN-13498|
|RXN-15732|
|1.8.4.13-RXN|
|RXN-10993|
|RXN-19440|
|RXN-13350|
|RXN-21677|
|RXN-16502|
|R462-RXN|
|RXN1G-236|
|1.2.7.8-RXN|
|RXN-14128|
|RXN-13183|
|RXN-17036|
|RXN-21660|
|TRANS-RXN-491|
|RXN1G-157|
|RXN-17197|
|1-ACYLGLYCEROL-3-P-ACYLTRANSFER-RXN|
|RXN-8336|
|RXN-18868|
|RXN-21827|
|RXN-4513|
|1.4.99.5-RXN|
|RXN-21644|
|RXN-19211|
|RXN1G-1081|
|RXN-21627|
|RXN185E-13|
|RXN-18584|
|3.4.24.20-RXN|
|RXN-12361|
|RXN-10477|
|RXN-15100|
|RXN-21610|
|RXN-18470|
|RXN66-161|
|RXN-11680|
|RXN-11951|
|RXN-11057|
|RXN-21454|
|RXN-15627|
|RXN0-2023|
|RXN0-2721|
|RXN-17999|
|RXN-11482|
|3.4.14.5-RXN|
|RXN-21265|
|RXN-982|
|R186-RXN|
|HISTIDINE--TRNA-LIGASE-RXN|
|RXN-11204|
|RXN-21131|
|RXN-8708|
|RXN-9659|
|RXN-11531|
|RXN-10994|
|RXN-16141|
|RXN-21114|
|RXN-4844|
|RXN0-884|
|RXN-9594|
|1.14.99.33-RXN|
|RXN-17265|
|RXN-12019|
|RXN-19117|
|RXN-10654|
|RXN-12681|
|RXN-21056|
|RXN66-344|
|RXN-9539|
|RXN-17192|
|3.4.24.7-RXN|
|RIBONUCLEOSIDE-DIP-REDUCTII-RXN|
|RXN-20912|
|RXN-18085|
|RXN-9520|
|RXN-18719|
|URITRANS-RXN|
|R343-RXN|
|ALANINE--TRNA-LIGASE-RXN|
|NITROGENASE-RXN|
|RXN-8210|
|THIOREDOXIN-RXN|
|RXN-17017|
|RXN-8317|
|LEUCYLTRANSFERASE-RXN|
|RXN-20489|
|RXN-7903|
|SQUALENE-MONOOXYGENASE-RXN|
|GLYCOLATEDEHYDRO-RXN|
|RXN66-643|
|RXN-5242|
|RXN-16915|
|RXN-16067|
|RXN-20686|
|GLY-X-CARBOXYPEPTIDASE-RXN|
|RXN-20469|
|RXN-22932|
|RXN-19026|
|RXN66-627|
|3.4.23.41-RXN|
|RXN-16875|
|RXN-12572|
|ENTDB-RXN|
|RXN-22222|
|RXN-20327|
|RXN66-101|
|RXN-22850|
|RXN-18153|
|RXN66-599|
|METHYLGUTAMATE-DEHYDROGENASE-RXN|
|CITC-RXN|
|POLYNUCLEOTIDE-3-PHOSPHATASE-RXN|
|RXN-20304|
|RXN-8224|
|RXN-22670|
|RXN-15990|
|RXN-15433|
|RXN-9842|
|3.4.11.9-RXN|
|RXN2DNV-6|
|RXN-12909|
|RXN-20251|
|RXN-16686|
|ACETYLSYNCLTH-RXN|
|ACETYLSYNCLTH-RXN_REV|
|RXN-20266|
|RXN-22646|
|RXN-15883|
|RXN-16125|
|RXN1G01-41|
|RXN-16623|
|1.14.13.94-RXN|
|3.4.22.63-RXN|
|RXN0-7366|
|RXN-20040|
|RXN-7877|
|RXN-22522|
|RXN0-6556|
|RXN1G-760|
|RXN66-315|
|RXN-16532|
|3.4.24.55-RXN|
|3.4.21.120-RXN|
|RXN-22655|
|RXN-15676|
|RXN-19869|
|RXN-22426|
|RXN-22820|
|RXN-18699|
|RXN1G-557|
|RXN-9742|
|RXN-21165|
|RXN-16388|
|3.1.3.47-RXN|
|3.1.26.3-RXN|
|RXN-19847|
|RXN-19985|
|RXN-22245|
|RXN-8300|
|RXN1G-445|
|RXN-4306|
|RXN-16231|
|RXN-16180|
|2.7.11.7-RXN|
|RXN-16049|
|RXN-19496|
|RXN-21736|
|RXN-14391|
|RXN1G-3667|
|3.4.23.24-RXN|
|RXN-16182|
|RXN-19476|
|RXN-13758|
|RXN-21714|
|RXN1G-32|
|RXN-18132|
|2.3.1.179-RXN|
|RXN-19454|
|RXN-22733|
|RXN-19692|
|RXN-13367|
|RXN-11165|
|RXN-21690|
|RXN1G-285|
|RXN-21578|
|1.7.7.2-RXN|
|RXN-14156|
|RXN-19436|
|RXN-12881|
|RXN-8364|
|RXN-13268|
|RXN-21673|
|RXN-17547|
|RXN1G-214|
|1.2.7.5-RXN|
|3.2.2.23-RXN|
|RXN-13041|
|RXN-21657|
|1.14.13.67-RXN|
|RXN1G-1528|
|RXN-18859|
|RXN-19071|
|RXN-21641|
|RXN1G-1050|
|3.4.24.39-RXN|
|RXN-18701|
|RXN-12553|
|RXN-21624|
|RXN0-949|
|RXN-22803|
|RXN-18546|
|RXN-12274|
|RXN66-22|
|RXN-21605|
|3.1.21.2-RXN|
|RXN-17118|
|RXN-18457|
|RXN-11924|
|RXN-11404|
|RXN-21424|
|RXN0-2144|
|RXN-4226|
|R225-RXN|
|RXN-17985|
|RXN-11479|
|RXN-14413|
|GLUTRNAREDUCT-RXN|
|RXN-21262|
|RXN-5064|
|RXN-9787|
|1.1.4.1-RXN|
|RXN-10679|
|RXN-17847|
|RXN-11197|
|RXN-21128|
|RXN-9655|
|3.4.22.66-RXN|
|RXN-17494|
|RXN-10727|
|RXN-17956|
|RXN-13502|
|RXN-21109|
|RXN-9558|
|RXN-15555|
|RXN-17255|
|RXN-10061|
|RXN-11144|
|RXN-21026|
|RXN-9536|
|RXN-18586|
|RXN-17173|
|RXN-21548|
|PYRUFLAVREDUCT-RXN|
|PYRUFLAVREDUCT-RXN_REV|
|RXN-17040|
|RXN-20907|
|RXN-8343|
|RXN-9515|
|RXN-21833|
|UDPNACETYLGLUCOSAMACYLTRANS-RXN|
|RXN-17108|
|NITRATE-REDUCTASE-CYTOCHROME-RXN|
|RXN-20769|
|RXN-20196|
|RXN-8132|
|TDCEACT-RXN|
|RXN-17014|
|RXN-11932|
|L-LACTATE-DEHYDROGENASE-CYTOCHROME-RXN|
|RXN-20486|
|RXN66-640|
|3.4.24.24-RXN|
|RXN-16911|
|RXN-13567|
|RXN-12605|
|RXN-20466|
|RXN66-624|
|RXN-21098|
|RXN-16855|
|RXN-18485|
|EICOMP-RXN|
|MRNA-GUANINE-N7--METHYLTRANSFERASE-RXN|
|RXN-20321|
|3.1.11.4-RXN|
|RXN-22846|
|RXN-19940|
|RXN-11387|
|RXN-21747|
|RXN66-596|
|RXN-15462|
|RXN-16726|
|CDPREDUCT-RXN|
|RXN-11535|
|RXN-20290|
|RXN-22665|
|RXN-15984|
|RXN2B4Q-57|
|RXN-16682|
|RXN0-6734|
|6.3.2.25-RXN|
|3.4.22.32-RXN|
|1.14.99.38-RXN|
|RXN-20247|
|RXN-22574|
|3.4.24.73-RXN|
|RXN-15829|
|RXN-15829_REV|
|RXN1G-951|
|RXN-19652|
|RXN-16620|
|RXN-9206|
|3.4.22.60-RXN|
|RXN-20026|
|ALANYLPHOSPHATIDYLGLYCEROL-SYNTHASE-RXN|
|RXN-22861|
|RXN-22506|
|RXN1G-686|
|RXN-16499|
|3.4.21.114-RXN|
|RXN-8321|
|RXN-19865|
|RXN-22401|
|RXN-1301|
|3.2.1.7-RXN|
|STEROID-9-ALPHA-MONOOXYGENASE-RXN|
|RXN1G-53|
|RXN-16381|
|RXN-16071|
|3.1.2.22-RXN|
|RXN-19810|
|RXN-11913|
|RXN-22091|
|RXN-14959|
|RXN-16547|
|RXN1G-424|
|RXN-14924|
|RXN-15076|
|RXN-19493|
|3.4.23.48-RXN|
|RXN-12581|
|RXN-21725|
|3.6.4.1-RXN|
|RXN-14386|
|RXN66-11|
|RXN1G-364|
|RXN-16400|
|RXN-13892|
|RXN-19469|
|RXN-13685|
|RXN-21704|
|RXN-19341|
|RXN-9846|
|RXN1G-306|
|RXN-19451|
|RXN-15439|
|RXN-2008|
|RXN-8401|
|RXN-13361|
|RXN-21687|
|RXN1G-27|
|1.5.8.2-RXN|
|RXN-15974|
|RXN-19366|
|RXN-13264|
|RXN-21670|
|RXN-720|
|RXN-18956|
|1.14.13.99-RXN|
|RXN1G-202|
|RXN-10112|
|1.2.2.3-RXN|
|1.2.2.3-RXN_REV|
|RXN-19099|
|3.4.21.99-RXN|
|RXN-19410|
|RXN-15001|
|RXN-15001_REV|
|RXN-16639|
|3.4.24.59-RXN|
|RXN-21654|
|RXN1G-138|
|RXN-17912|
|RXN-12908|
|RXN-12908_REV|
|RXN-11101|
|RXN-21638|
|RXN1G-1003|
|RXN-21169|
|RXN-21621|
|RXN-18528|
|RXN0-747|
|RXN-18543|
|3.1.26.7-RXN|
|RXN-12122|
|RXN-8304|
|RXN-21602|
|RXN0-6385|
|RXN-11785|
|RXN-15886|
|RXN-8757|
|RXN-21421|
|RXN-16053|
|RXN-17974|
|CYSTEINE--TRNA-LIGASE-RXN|
|RXN-11476|
|RXN-18877|
|RXN-19012|
|RXN-12061|
|RXN-21204|
|RXN-9730|
|3.4.23.28-RXN|
|RXN-11177|
|RXN-21125|
|RXN-13527|
|RXN-9652|
|RXN-16374|
|RXN-17474|
|RXN-18136|
|RXN-10676|
|RXN-21054|
|RXN-21106|
|RXN-9555|
|RXN-17237|
|RXN-9829|
|RXN-10026|
|RXN-20997|
|RXN-9533|
|RXN-8368|
|RXN-17168|
|RXN-20865|
|RXN-9101|
|RXN-15958|
|RXN-16111|
|RXN-17059|
|MYRPALMTRAN-RXN|
|RXN-713|
|1.14.13.73-RXN|
|RXN-20688|
|RXN0-6521|
|RXN-8126|
|RXN-8126_REV|
|RXN-19081|
|SULFITE-DEHYDROGENASE-RXN|
|3.4.21.84-RXN|
|RXN-13445|
|RXN-16990|
|RXN1F-10|
|3.4.24.43-RXN|
|IRON--CYTOCHROME-C-REDUCTASE-RXN|
|RXN-20481|
|RXN66-637|
|RXN-9348|
|RXN-16906|
|RXN-22807|
|GALACTONOLACTONE-DEHYDROGENASE-RXN|
|RXN-20463|
|RXN-22926|
|RXN66-621|
|3.1.21.6-RXN|
|RXN-16835|
|RXN-16835_REV|
|DEPHOSPHO-REDUCTASE-KINASE-KINASE-RXN|
|3.2.1.18-RXN|
|RXN-20318|
|RXN-20128|
|RXN-22837|
|RXN-4231|
|SERINE--TRNA-LIGASE-RXN|
|RXN-16028|
|RXN-8735|
|RXN66-589|
|RXN-16723|
|RXN-5082|
|RXN-21493|
|RXN-20287|
|RXN-7441|
|RXN-12044|
|RXN-22662|
|RXN-10422|
|RXN-15917|
|RXN-7741|
|RXN2B4Q-48|
|3.4.23.1-RXN|
|RXN-15041|
|RXN-16636|
|RXN-13510|
|4.2.1.61-RXN|
|RXN-20208|
|RXN-16338|
|RXN-22571|
|RXN-15810|
|2-METHYLACYL-COA-DEHYDROGENASE-RXN|
|2-METHYLACYL-COA-DEHYDROGENASE-RXN_REV|
|RXN1G-912|
|RXN-16616|
|2.3.1.161-RXN|
|3.4.22.57-RXN|
|RXN-9805|
|RXN-20016|
|3-HYDROXYBENZOATE-2-MONOOXYGENASE-RXN|
|RXN-22482|
|RXN-22537|
|PYRUVATE-KINASE-PHOSPHATASE-RXN|
|RXN1G-660|
|RXN-16468|
|RXN-865|
|3.4.21.108-RXN|
|RXN-19860|
|RXN-14315|
|RXN-4561|
|RXN-22358|
|RXN-15339|
|CHLOROPHYLLASE-RXN|
|1.14.13.42-RXN|
|RXN1G-509|
|RXN-11936|
|RXN-19054|
|3-OXOACYL-ACP-SYNTH-RXN|
|3.4.21.69-RXN|
|RXN-7619|
|RXN-19801|
|RXN-22027|
|3.4.24.28-RXN|
|RXN1G-4142|
|RXN1G-409|
|RXN-16419|
|LONG-CHAIN-ACYL-COA-DEHYDROGENASE-RXN|
|2.7.11.20-RXN|
|RXN-19487|
|RXN-14053|
|RXN-21722|
|RXN-18492|
|RXN-14312|
|RXN-12441|
|RXN1G-358|
|PROGESTERONE-11-ALPHA-MONOOXYGENASE-RXN|
|RXN-15316|
|RXN-19465|
|RXN-21751|
|RXN-13613|
|RXN66-660|
|RXN-21701|
|RXN1G-297|
|RXN-15807|
|RXN-14399|
|RXN-19448|
|RXN-13358|
|RXN-21684|
|RXN-7261|
|RXN1G-260|
|1.3.7.5-RXN|
|RXN-19363|
|3.4.22.36-RXN|
|RXN-13259|
|3.4.24.77-RXN|
|RXN-21667|
|RXN-10839|
|RXN-13489|
|RXN1G-188|
|RXN-17937|
|1.15.1.2-RXN|
|RXN-19069|
|RXN-13011|
|RXN-21651|
|RXN-21193|
|RXN1G-1278|
|2.3.1.135-RXN|
|RXN-18803|
|RXN-12510|
|RXN-12876|
|RXN-17025|
|RXN-21635|
|RXN-8325|
|RXN1A0-6112|
|RXN-18648|
|RXN-8625|
|RXN-13017|
|RXN-12528|
|RXN-21618|
|RXN-3181|
|RXN-15922|
|RXN-4501|
|RXN-8781|
|RXN-16075|
|RXN-18540|
|RXN-12075|
|RXN-19034|
|RXN0-5513|
|3.4.21.50-RXN|
|RXN-11707|
|RXN18C3-5|
|RXN-13386|
|RXN-14928|
|RXN-22230|
|RXN-21403|
|3.4.24.12-RXN|
|RXN0-1138|
|RXN-17841|
|RXN-17898|
|RXN-11335|
|LINALOOL-8-MONOOXYGENASE-RXN|
|RXN-21151|
|RXN-9678|
|RXN-21083|
|RXN-17760|
|RXN-9667|
|RXN-11146|
|RXN-21121|
|RXN-9648|
|RXN-20083|
|RXN-10661|
|RXN66-547|
|RXN-21082|
|RXN-12918|
|RXN-9552|
|RXN-3765|
|RXN-17215|
|RXN-4802|
|RXN-10023|
|RXN-20972|
|RXN-9530|
|RXN-17157|
|RXN-18961|
|PRODISULFREDUCT-A-RXN|
|RXN-10116|
|RXN-20858|
|3.4.22.15-RXN|
|3.4.24.62-RXN|
|RXN-17024|
|METHCOCLTH-RXN|
|RXN-17916|
|RXN-18076|
|RXN-20499|
|RXN-8102|
|RXNI-27|
|RXN-16943|
|HOLO-ACP-SYNTH-RXN|
|RXN-18536|
|RXN-20476|
|RXN-9750|
|RXN-5061|
|RXN-16995|
|RXN-16995_REV|
|RXN66-634|
|3.1.27.7-RXN|
|RXN-8308|
|RXNMETA-12666|
|FMN-OX-RXN|
|RXN-20452|
|RXN-22923|
|RXN66-618|
|RXN-16058|
|RXN-16809|
|CYTOCHROME-C3-HYDROGENASE-RXN|
|RXN-20315|
|RXN-22681|
|RXN-18882|
|RXN-15997|
|3.4.21.32-RXN|
|RXN-16713|
|3.4.23.31-RXN|
|ALKANE-1-MONOOXYGENASE-RXN|
|RXN-13531|
|RXN-20274|
|RXN-22653|
|RXN-22653_REV|
|RXN-16378|
|LEUCINE--TRNA-LIGASE-RXN|
|RXN-15897|
|RXN-13879|
|RXN-22743|
|RXN1YI0-20|
|RXN-21064|
|RXN-16630|
|3.6.3.43-RXN|
|RXN-20203|
|RXN-16895|
|RXN-8214|
|RXN-22568|
|RXN-21588|
|RXN-15781|
|RXN1G-883|
|RXN-16586|
|3.4.22.54-RXN|
|RXN-19949|
|RXN-15565|
|TRYPTOPHAN--TRNA-LIGASE-RXN|
|RXN1G-637|
|RXN-16464|
|RXN-18941|
|RXN0-6525|
|3.4.14.12-RXN|
|RXN-7653|
|RXN-19857|
|RXN-22334|
|RXN-21990|
|3.4.21.88-RXN|
|3.4.24.47-RXN|
|RXN-15281|
|RXN1G-481|
|RXN-10791|
|RXN-9178|
|RXN-16299|
|RXN-17889|
|3-HYDROXYDECANOYL-ACP-DEHYDR-RXN|
|RXN-19654|
|RXN-22024|
|RXN-19247|
|RXN-12465|
|RXN-21992|
|RXN-16806|
|RXN-14567|
|RXN-8085|
|3.1.22.4-RXN|
|RXN1G-396|
|RXN-21774|
|2.7.11.16-RXN|
|RXN-19787|
|RXN-11413|
|RXN-15499|
|RXN-19483|
|RXN-12966|
|RXN-21719|
|RXN-4261|
|RXN-13991|
|RXN1G-339|
|RXN-19462|
|RXN-11723|
|RXN-13572|
|RXN-21698|
|RXN1G-294|
|2-OXOBUTYRATE-SYNTHASE-RXN|
|2-OXOBUTYRATE-SYNTHASE-RXN_REV|
|RXN-14751|
|3.4.23.17-RXN|
|RXN-19445|
|3.4.21.110-RXN|
|RXN-19519|
|RXN-13354|
|RXN-21681|
|RXN1G-2527|
|HYDROXYLAMINE-REDUCTASE-RXN|
|RXN-16343|
|1.3.7.2-RXN|
|RXN-13858|
|RXN-19345|
|RXN-6545|
|RXN-13216|
|RXN-21664|
|RXN-8187|
|RXN1G-181|
|RXN-17049|
|1.14.15.6-RXN|
|RXN-7981|
|RXN-13008|
|RXN-21648|
|RXN1G-1212|
|RXN-18796|
|RXN-12621|
|RXN-21632|
|CHOLESTANETRIOL-26-MONOOXYGENASE-RXN|
|RXN1A0-6097|
|RXN-18615|
|RXN0-6478|
|RXN-12473|
|RXN-22105|
|RXN-21615|
|RXN-8517|
|3.4.21.72-RXN|
|RXN-13429|
|RXN0-7271|
|RXN-21974|
|3.4.24.31-RXN|
|RXN-18535|
|RXN-12004|
|RXN-10771|
|RXN-21555|
|RXN-16428|
|RXN0-5204|
|RXN-18014|
|RXN-11694|
|1.5.99.12-RXN|
|RXN-21396|
|RXN-16785|
|3.1.15.1-RXN|
|RXN-19953|
|RXN-21148|
|RXN-12784|
|RXN-15473|
|RXN-9663|
|RXN66-664|
|FORMYLMETHANOFURAN-DEHYDROGENASE-RXN|
|FORMYLMETHANOFURAN-DEHYDROGENASE-RXN_REV|
|RXN-11125|
|RXN-9481|
|RXN-18339|
|RXN-21118|
|RXN-11851|
|RXN-9633|
|CALDESMON-PHOSPHATASE-RXN|
|1.1.3.32-RXN|
|RXN-10658|
|RXN-21063|
|RXN-14862|
|RXN-9549|
|RXN-17196|
|RUBREDOXIN--NADP+-REDUCTASE-RXN|
|3.4.17.18-RXN|
|RXN-13493|
|RXN-20961|
|RXN-17942|
|RXN-9526|
|RXN-17147|
|PHOSICITDEHASE-RXN|
|PHOSICITDEHASE-RXN_REV|
|RXN-20793|
|RXN-8391|
|RXN-16849|
|RXN-17032|
|MANNITOL-DEHYDROGENASE-CYTOCHROME-RXN|
|RXN-15381|
|3.1.31.1-RXN|
|RXN-20495|
|RXN-12850|
|RXN-8099|
|RXN-19829|
|RXN66-647|
|RXN-12703|
|RXN-8630|
|RXN-16932|
|RXN-15928|
|RXN-20473|
|RXN66-631|
|CHD-RXN|
|CHD-RXN_REV|
|RXN-16882|
|RXN0-4141|
|RXN0-4141_REV|
|RXN0-5510|
|FERREDOXIN--NAD+-REDUCTASE-RXN|
|RXN-18903|
|RXN-20428|
|RXN-17523|
|RXN-22855|
|3.4.21.57-RXN|
|RXN-14932|
|RXN66-614|
|3.4.24.16-RXN|
|CYTOCHROME-B5-REDUCTASE-RXN|
|RXN-20308|
|RXN-22677|
|RXN-8962|
|RXN-15994|
|RXN3O-5304|
|RXN-16699|
|ACYLGPEACYLTRANS-RXN|
|ACYLGPEACYLTRANS-RXN_REV|
|RXN-20271|
|RXN-16769|
|RXN-22650|
|RXN-21738|
|RXN-15891|
|RXN-15452|
|RXN1UA-7905|
|RXN-16627|
|3.4.24.86-RXN|
|RXN-3942|
|RXN-20189|
|RXN-22563|
|RXN1G-840|
|RXN-11681|
|RXN-18965|
|RXN-16577|
|3.4.22.51-RXN|
|RXN-19891|
|3.4.22.25-RXN|
|RXN1G-607|
|KYNURENINE-78-HYDROXYLASE-RXN|
|3.4.11.1-RXN|
|RXN-13817|
|RXN-19851|
|RXN-22330|
|RXN-16828|
|RXN1G-468|
|RXN-16287|
|NADPH-DEHYDROGENASE-RXN|
|NADPH-DEHYDROGENASE-RXN_REV|
|2.7.7.61-RXN|
|RXN-19534|
|RXN-19534_REV|
|DNA-NUCLEOTIDYLEXOTRANSFERASE-RXN|
|RXN-19501|
|RXN-12682|
|RXN-18388|
|RXN-21798|
|RXN66-345|
|RXN-14564|
|--LIMONENE-7-MONOOXYGENASE-RXN|
|RXN1G-377|
|CELLOBIOSE-DEHYDROGENASE-ACCEPTOR-RXN|
|2.7.11.10-RXN|
|RXN-19480|
|RXN-13835|
|RXN-17349|
|RXN1G-3256|
|R344-RXN|
|RXN-10039|
|2.3.1.49-RXN|
|3.4.21.37-RXN|
|3.4.23.38-RXN|
|RXN-19459|
|RXN-13391|
|RXN-21694|
|RXN-9099|
|RXN1G-290|
|RXN-16386|
|1.8.4.14-RXN|
|RXN-21069|
|RXN-19441|
|RXN-16204|
|RXN-6681|
|RXN-13351|
|RXN-9637|
|RXN-21678|
|RXN1G-240|
|OMEGA-AMIDASE-RXN|
|RXN-21598|
|1.20.98.1-RXN|
|RXN-13213|
|RXN-21661|
|RXN1G-163|
|RXN-19712|
|1.1.1.212-RXN|
|RXN-18869|
|BETA-CYCLOPIAZONATE-DEHYDROGENASE-RXN|
|RXN-21645|
|RXN-22917|
|RXN1G-1084|
|RXN-18946|
|RXN-11661|
|RXN-12578|
|RXN-21628|
|3.4.21.91-RXN|
|RXN185E-14|
|RXN-17254|
|RXN-18604|
|RXN-20426|
|RXN-12365|
|RXN-12365_REV|
|RXN-9182|
|RXN-21611|
|RXN-20252|
|RXN0-722|
|RXN-18471|
|RXN-12314|
|RXN-21516|
|RXN-6081|
|RXN0-307|
|RXN-18000|
|3.1.26.10-RXN|
|RXN-11483|
|RXN-21268|
|RXN-11417|
|RXN-7878|
|RXN-11240|
|RXN-21145|
|RXN66-316|
|RXN-9660|
|RXN-11117|
|RXN-21115|
|RXN-9602|
|RXN-17267|
|R282-RXN|
|R282-RXN_REV|
|3.4.23.20-RXN|
|RXN-10655|
|3.4.21.116-RXN|
|RXN-21057|
|RXN-9540|
|RXN-16362|
|RXN-17193|
|RXN-21320|
|RXN-20947|
|RXN-9521|
|RXN-8195|
|OHBENZCOARED-RXN|
|RXN-20787|
|RXN-8388|
|THIOSULFATE-DEHYDROGENASE-RXN|
|THIOSULFATE-DEHYDROGENASE-RXN_REV|
|RXN-11341|
|RXN-17018|
|LYSINEARGININE-CARBOXYPEPTIDASE-RXN|
|RXN-16183|
|RXN66-490|
|RXN-20490|
|RXN-14335|
|RXN-8095|
|1.21.4.1-RXN|
|RXN66-644|
|RXN-16916|
|RXN-16717|
|GLYCINE-DEHYDROGENASE-CYTOCHROME-RXN|
|RXN-20470|
|RXN-19693|
|3.4.21.76-RXN|
|RXN-22933|
|RXN-11166|
|RXN1A0-6303|
|RXN66-628|
|RXN-10932|
|RXN-16876|
|ETFCLOS-RXN|
|RXN-14159|
|RXN-20328|
|RXN-16432|
|RXN-22852|
|RXN66-600|
|2.1.1.57-RXN|
|RXN-16757|
|CITRYLY-RXN|
|RXN-20305|
|RXN-8061|
|RXN-22671|
|RXN-15324|
|RXN-15991|
|RXN2DNV-7|
|ACP-S-ACETYLTRANSFER-RXN|
|ACP-S-ACETYLTRANSFER-RXN_REV|
|RXN-20268|
|RXN-22647|
|RXN-15885|
|RXN1G01-42|
|RXN-21485|
|RXN-16624|
|RXN-18838|
|3.4.22.65-RXN|
|RXN-20051|
|3.4.22.44-RXN|
|RXN-22559|
|RXN1G-79|
|RXN-10851|
|RXN-10851_REV|
|RXN-16540|
|3.4.18.1-RXN|
|3.4.22.17-RXN|
|RXN-19872|
|RXN-17775|
|RXN-15479|
|RXN1G-574|
|RXN-16425|
|3.1.3.52-RXN|
|RXN-16853|
|RXN-19848|
|RXN-22246|
|RXN-15385|
|RXN-15060|
|RXN-19833|
|RXN1G-45|
|RXN-7965|
|RXN-16277|
|RXN-15231|
|RXN-16181|
|RXN-12707|
|RXN-3283|
|2.7.11.8-RXN|
|RXN-14292|
|RXN-19497|
|RXN-21737|
|RXN-15737|
|RXN0-4261|
|RXN-14395|
|RXN1G-368|
|RXN-19672|
|RXN-21362|
|3.4.21.61-RXN|
|RXN-19477|
|RXN-13759|
|RXN-21715|
|RXN1G-320|
|2.3.1.180-RXN|
|RXN-19455|
|RXN-16411|
|RXN-13368|
|RXN-17202|
|RXN-21691|
|RXN-16233|
|RXN1G-287|
|RXN-20205|
|RXN-19437|
|RXN-19216|
|RXN-13325|
|RXN-21675|
|RXN-19927|
|RXN1G-218|
|1.2.7.6-RXN|
|RXN-12104|
|RXN-13064|
|RXN-14382|
|RXN-21658|
|RXN-15106|
|RXN-21458|
|RXN1G-1529|
|RXN-12973|
|RXN-21642|
|RXN1G-1053|
|RXN0-2161|
|3.4.22.29-RXN|
|RXN-12555|
|MRNA-GUANYLYLTRANSFERASE-RXN|
|RXN-21625|
|RXN185E-11|
|3.4.15.5-RXN|
|RXN-17926|
|RXN-18547|
|RXN-12291|
|RXN-21606|
|RXN0-6705|
|RXN-18461|
|2.9.1.1-RXN|
|RXN-21425|
|RXN0-2145|
|RXN-11296|
|RXN-17986|
|RXN-13644|
|RXN-11480|
|RXN-21263|
|RXN-9788|
|RXN-17848|
|RXN66-349|
|RXN-11199|
|RXN-19655|
|RXN-21129|
|RXN-9657|
|RXN-17497|
|RXN-22862|
|3.4.21.41-RXN|
|RXN-10737|
|RXN-21111|
|RXN-9590|
|RXN-9590_REV|
|RXN-17261|
|RXN-10062|
|RXN-21028|
|RXN-9537|
|RXN-16394|
|RXN-17189|
|R541-RXN|
|RXN-17653|
|RXN-20908|
|RXN-9516|
|1.3.99.15-RXN|
|UDPREDUCT-RXN|
|RXN-20697|
|RXN-17126|
|NITRITE-REDUCTASE-CYTOCHROME-RXN|
|RXN-20770|
|RXN-779|
|RXN-8133|
|RXN-19717|
|THIAZOLSYN2-RXN|
|RXN-17015|
|3.6.4.2-RXN|
|RXN-21431|
|LAUROYLACYLTRAN-RXN|
|RXN66-12|
|RXN-20487|
|RXN-22921|
|RXN66-641|
|RXN-16913|
|AMINE-DEHYDROGENASE-RXN|
|GDPREDUCT-RXN|
|3.4.21.95-RXN|
|RXN-20467|
|RXN-1726|
|RXN-22930|
|RXN66-625|
|RXN-8402|
|RXN-16856|
|1.97.1.11-RXN|
|ENOYL-ACP-REDUCT-NADH-RXN|
|RXN-20323|
|RXN-22848|
|RXN66-597|
|RXN-16738|
|1.14.19.3-RXN|
|RXN-12155|
|RXN-20291|
|RXN-12817|
|RXN-22666|
|RXN-15988|
|RXN-16640|
|RXN2B4Q-58|
|RXN-16683|
|6.3.4.10-RXN|
|RXN-20248|
|RXN0-3201|
|RXN-22575|
|RXN-15832|
|RXN-22825|
|RXN1G-962|
|3.4.21.2-RXN|
|RXN-16621|
|3.4.22.61-RXN|
|RXN-20028|
|RXN-22520|
|RXN1G-717|
|RXN-16506|
|3.4.21.117-RXN|
|RXN-19866|
|RXN18C3-3|
|RXN-22408|
|RXN1G-536|
|RXN-12062|
|RXN-12733|
|RXN-16382|
|RXN0-7023|
|RXN66-494|
|RXN-19882|
|RXN-777|
|RXN-19834|
|RXN-22241|
|RXN-14341|
|RXN1G-425|
|RXN-21387|
|2.7.11.4-RXN|
|RXN-18137|
|RXN-19494|
|RXN-21726|
|RXN-14387|
|RXN-22372|
|3.4.21.80-RXN|
|RXN1G-3641|
|RXN-11170|
|RXN-19470|
|RXN-8369|
|RXN-22900|
|RXN-21705|
|RXN-21856|
|RXN1G-308|
|RXN-11641|
|1.6.99.12-RXN|
|2.3.1.141-RXN|
|RXN-19239|
|RXN-19452|
|RXN-13362|
|RXN-21688|
|RXN-14676|
|RXN1G-276|
|1.14.13.74-RXN|
|RXN-12797|
|1.7.2.2-RXN|
|RXN-19434|
|RXN-19082|
|RXN-8579|
|RXN-13266|
|RXN-21671|
|RXN-15836|
|RXN1G-203|
|RXN-19080|
|RXN-21489|
|RXN-13037|
|RXN-21655|
|RXN-22808|
|RXN1G-1486|
|RXN-14077|
|RXN-14737|
|RXN-18809|
|3.4.19.7-RXN|
|RXN-21639|
|RXN-17779|
|RXN-9064|
|RXN1G-1004|
|RXN-20129|
|2-HYDROXYGLUTARATE-DEHYDROGENASE-RXN|
|RXN-21622|
|RXN-21308|
|RXN0-748|
|RXN-18544|
|RXN-12130|
|RXN-21603|
|RXN0-6435|
|RXN-12045|
|RXN-18455|
|RXN-11797|
|RXN-21422|
|RXN-3361|
|RXN0-2141|
|RXN-17983|
|RXN-11773|
|RXN-11477|
|RXN-21210|
|RXN-9776|
|RXN-17836|
|3.4.21.65-RXN|
|RXN-19677|
|RXN-21126|
|RXN-11153|
|RXN-9653|
|RXN-17486|
|ISOBUTYRALDOXIME-O-METHYLTRANSFERASE-RXN|
|RXN-10677|
|RXN-8350|
|RXN-21107|
|RXN-21839|
|RXN-16237|
|RXN-9556|
|RXN-17246|
|RXN-10059|
|RXN-19220|
|RXN-21007|
|RXN-16092|
|RXN-14642|
|RXN-9534|
|RXN-13570|
|RXN-13570_REV|
|RXN-17171|
|RXN-20212|
|PYFLAVOXRE-RXN|
|PYFLAVOXRE-RXN_REV|
|D-NOPALINE-DEHYDROGENASE-RXN|
|RXN66-608|
|RXN-20873|
|RXN-19055|
|RXN-9292|
|RXN-17060|
|NADPH--CYTOCHROME-C2-REDUCTASE-RXN|
|RXN-21465|
|RXN-20689|
|RXN-11693|
|RXN-18822|
|RXN-8128|
|RXN-9318|
|RXN-15110|
|SULFITE-REDUCTASE-FERREDOXIN-RXN|
|RXN-17012|
|RXN66-17|
|RXN-20482|
|3.4.16.5-RXN|
|RXN-7566|
|RXN-17105|
|RXN66-638|
|RXN-16907|
|GAMMA-GLUTAMYLTRANSFERASE-RXN|
|RXN-20464|
|RXN-22927|
|RXN-11540|
|RXN66-622|
|RXN-16836|
|DIFFERIC-TRANSFERRIN-REDUCTASE-RXN|
|RXN-22842|
|RXN-7940|
|RXN-16035|
|RXN66-591|
|RXN-16724|
|BUTYRYL-COA-DEHYDROGENASE-RXN|
|BUTYRYL-COA-DEHYDROGENASE-RXN_REV|
|RXN-20288|
|RXN-22663|
|RXN-15918|
|RXN2B4Q-50|
|RXN-16646|
|RXN-19660|
|3.4.21.47-RXN|
|6-HYDROXYNICOTINATE-REDUCTASE-RXN|
|RXN-20236|
|RXN-22572|
|RXN-15811|
|RXN1G-915|
|RXN-8326|
|RXN-16617|
|RXN-6703|
|3.4.22.58-RXN|
|RXN-13019|
|RXN-9933|
|RXN-20018|
|RXN-22488|
|RXN-8782|
|1.3.99.19-RXN|
|RXN-15679|
|RXN-16076|
|RXN-8023|
|RXN1G-674|
|RXN-16469|
|RXN-17657|
|3.4.21.109-RXN|
|RXN-19863|
|RXN-19727|
|RXN-22363|
|RXN-15340|
|RXN1G-517|
|RXN-16318|
|3.1.2.14-RXN|
|RXN-11048|
|RXN-18800|
|RXN-19808|
|RXN-12587|
|RXN-12587_REV|
|RXN-22087|
|3.6.4.6-RXN|
|RXN-14957|
|RXN1G-4143|
|2.3.2.10-RXN|
|RXN-18173|
|3.6.3.48-RXN|
|RXN-14388|
|RXN-22957|
|RXN-21261|
|RXN-13808|
|RXN-14389|
|R162-RXN|
|RXN-16820|
|RXN-4803|
|RXN1YI0-21|
|RXN0-5259|
|RXN-21273|
|RXN-12011|
|RXN-8842|
|RXN-17742|
|RXN-15837|
|RXN-15447|
|1.14.21.6-RXN|
|RXN0-6954|
|3.4.24.63-RXN|
|RXN0-5254|
|RXN-20149|
|RXN-16644|
|RXN-17651|
|RXN0-3281|
|RXN-15833|
|RXN-13584|
|RXN-13581|
|3.4.21.25-RXN|
|RXN0-6490|
|RXN0-5245|
|RXN-22834|
|RXN-19772|
|PTERIDINE-OXIDASE-RXN|
|RXN-16329|
|RXN-8309|
|4.2.99.18-RXN|
|RXN-15827|
|RXN-9908|
|RXN-13578|
|RXN-12989|
|RXN0-6370|
|RXN0-5242|
|RXN-18749|
|RXN-16059|
|RXN-15863|
|RXN-19180|
|RXN-15817|
|RXN-12738|
|RXN-12647|
|SOXA-FDENIT-RXN|
|SOXA-FDENIT-RXN_REV|
|RXN0-5265|
|RXN-12067|
|RXN-21451|
|BENZOATE-4-MONOOXYGENASE-RXN|
|RXN-17759|
|RXN-15860|
|RXN-15597|
|RXN-12563|
|MVHMETH-RXN|
|RXN1YI0-24|
|RXN-22744|
|RXN0-5261|
|RXN-18142|
|RXN-21404|
|RXN-15591|
|RXN-17751|
|RXN-15839|
|RXN-15451|
|3.4.11.20-RXN|
|RXN0-7005|
|RXN0-5255|
|RXN-21238|
|RXN-19243|
|RXN-17661|
|RXN-15834|
|RXN-14451|
|RXN-13582|
|RXN-14680|
|RXN0-6678|
|3.4.11.18-RXN|
|RXN0-5248|
|RXN0-6526|
|RXN-20075|
|RXN-7654|
|1.14.13.78-RXN|
|RXN-16330|
|DATPDGTP--DNA-PURINE-TRANSFERASE-RXN|
|RXN-15828|
|3.4.24.48-RXN|
|RXN-13579|
|RXN0-6372|
|RXN0-5244|
|RXN-22275|
|RXN-12138|
|RXN-19019|
|RXN-17321|
|RXN-15953|
|RXN-15825|
|RXN-18515|
|RXN-9353|
|RXN-7856|
|3.4.21.101-RXN|
|RXN-12648|
|TRANS-RXN0-234|
|RXN-17783|
|RXN0-5269|
|RXN-21453|
|RXN-21775|
|RXN-18581|
|RXN-15500|
|RXN-15861|
|ARALKYLAMINE-DEHYDROGENASE-RXN|
|RXN-15764|
|RXN-21312|
|REDUCEDFAD-RXN|
|RXN-20137|
|RXN66-541|
|RXN18C3-235|
|RXN0-5262|
|RXN-7977|
|RXN-21413|
|RXN-17757|
|RXN-15858|
|RXN-15468|
|RXN-10427|
|RXN-12049|
|THREONINE--TRNA-LIGASE-RXN|
|RXN1YI0-19|
|RXN-15747|
|RXN0-5257|
|RXN-19520|
|RXN-7748|
|RXN-16171|
|RXN-21272|
|RXN-17662|
|RXN-15835|
|R527-RXN|
|RXN-14962|
|RXN-18123|
|RXN-16703|
|RXN0-6684|
|RXN0-5253|
|RXN-19683|
|RXN-20147|
|RXN-11158|
|RXN-16333|
|RXN-17051|
|RXN-15831|
|RXN-13583|
|RXN-13580|
|RXN-17537|
|RXN0-6375|
|RXN0-5244-yeast|
|RXN-19224|
|RXN-19615|
|RXN-17211|
|RXN-15987|
|RXN-20576|
|RXN-15826|
|RXN-22457|
|RXN-13576|
|TRANS-RXN0-237|
|RXN0-6479|
|RXN0-5309|
|RXN-7628|
|RXN-924|
|RXN-18603|
|RXN-15862|
|RXN-15815|
|RXN-10604|
|RXN-11698|
|RXN-11945|
|RXN66-548|
|RXN0-2601|
|RXN0-5263|
|RXN-11069|
|RXN-21440|
|RXN-17758|
|RXN66-182|
|RXN-15859|
|RXN-15596|
|RXN-12186|
|1.1.3.34-RXN|
|RXN-11547|
|RXN-12033|
|RXN66-358|
|TRANS-RXN-276|
|RXN-13494|
|RXN-10989|
|RXN-9218|
|RXN-19133|
|RXN-21353|
|R424-RXN|
|RXN-11135|
|RXN-21799|
|TRANS-RXN-468|
|RXN-8330|
|RXN-21824|
|RXN-17187|
|RXN-13022|
|RXN-14624|
|TRANS-RXN-403|
|RXN-11925|
|RXN-8786|
|RXN-16080|
|RXN-19041|
|3.4.24.17-RXN|
|RXN0-7122|
|RXN-11677|
|RXN0-1922|
|RXN-15624|
|3.4.14.11-RXN|
|RXN-8413|
|RXN-7910|
|RXN-12015|
|1.14.99.21-RXN|
|RXN66-341|
|RXN-22427|
|3.4.24.67-RXN|
|RXN-15531|
|RXN-13955|
|RXN-9755|
|RXN-20001|
|RXN-8314|
|TRANS-RXN2DNV-94|
|TRANS-RXN-472|
|RXN-17164|
|RXN-20167|
|2.7.1.160-RXN|
|RXN-20683|
|3.4.23.39-RXN|
|DEOXYRIBODIPYRIMIDINE-PHOTOLYASE-RXN|
|RXN0-7068|
|TRANS-RXN-463|
|RXN-12406|
|RXN-22754|
|RXN-1725|
|RXN-18013|
|RXN-21599|
|3.4.11.5-RXN|
|TRANS-RXN-398|
|RXN-18458|
|RXN-22952|
|RXN-15967|
|RXN-7868|
|1.14.13.91-RXN|
|DCEREDCHLOR-RXN|
|RXN66-312|
|3.4.24.52-RXN|
|RXN-22553|
|RXN-9183|
|RXN-10626|
|RXN0-7346|
|RXN-21162|
|RXN-18519|
|RXN-12652|
|3.1.26.11-RXN|
|RXN-8297|
|RXN-11418|
|RXN-16046|
|GLYCEROL-DEHYDROGENASE-ACCEPTOR-RXN|
|RXN-21407|
|RXN-16518|
|3.4.23.21-RXN|
|RXN-12053|
|RXN1G01-39|
|RXN-22200|
|RXN0-7007|
|RXN-13682|
|RXN-17970|
|RXN-19162|
|RXN-22730|
|RXN-18127|
|RXN-11162|
|RXN-14153|
|RXN-20049|
|RXN-8667|
|RXN-8360|
|RXN-14663|
|3.2.2.17-RXN|
|RXN-14488|
|TRANS-RXN-509|
|RXN0-6483|
|RXN-19064|
|3.4.24.36-RXN|
|RXN-16585|
|RXN-12124|
|RXN0-7283|
|RXN-15119|
|RXN-18861|
|RXN-13356|
|RXN-21553|
|RXN-19340|
|RXN-13357|
|RXN-12548|
|RXN-11401|
|RXN-21299|
|RXN-19348|
|RXN-18858|
|RXN-12951|
|RXN-12549|
|RXN-12549_REV|
|RXN-16024|
|RXN-13833|
|RXN-14867|
|3.4.22.45-RXN|
|RXN-12037|
|RXN-17953|
|RXN-773|
|RXN-13499|
|RXN-11389|
|RXN-10995|
|RXN-2802|
|RXN-16503|
|RXN-18843|
|RXN-15386|
|RXN-12857|
|RXN-8339|
|RXN-21828|
|RXN-13027|
|RXN-4521|
|RXN-18808|
|RXN-16084|
|1.14.13.103-RXN|
|RXN0-6277|
|3.4.24.21-RXN|
|RXN-15101|
|RXN-16412|
|RXN-19415|
|RXN-9689|
|RXN-21095|
|RXN-19370|
|RXN-16941|
|3.1.11.1-RXN|
|RXN-19931|
|RXN-15458|
|RXN-14385|
|RXN-11532|
|RXN-4845|
|RXN-16142|
|RXN-18970|
|3.4.22.3-RXN|
|RXN-10651|
|RXN-19118|
|RXN-17929|
|RXN-10648|
|3.4.24.70-RXN|
|RXN-19205|
|RXN-19644|
|RXN-20996|
|RXN-9386|
|RXN-22857|
|RXN-8318|
|RXN-4342|
|RXN-13003|
|RXN-20171|
|RXN-17646|
|RXN-16068|
|RXN-525|
|RXN-20691|
|RXN-19027|
|RXN-16544|
|RXN-7783|
|3.4.23.42-RXN|
|RXN66-103|
|RXN-9642|
|RXN-22759|
|RXN-11253|
|RXN-2162|
|RXN-9843|
|RXN-18116|
|RXN-13622|
|1.14.13.95-RXN|
|3.4.21.96-RXN|
|RXN-14998|
|RXN-1063|
|RXN-10653|
|RXN-17906|
|3.4.24.56-RXN|
|RXN-21166|
|RXN-18524|
|3.1.26.4-RXN|
|RXN-8301|
|RXN-20319|
|RXN-17628|
|RXN-19157|
|RXN-16050|
|RXN-17485|
|RXN-14894|
|3.4.23.25-RXN|
|RXN-22540|
|RXN-13524|
|LACTOSE-DEHYDRO-RXN|
|RXN-9243|
|RXN-18133|
|RXN-9620|
|RXN-13045|
|RXN-21581|
|RXN-12882|
|RXN-8365|
|RXN-17548|
|RXN-17595|
|RXN-16718|
|RXN-14342|
|RXN-15955|
|RXN0-5062|
|RXN0-5062_REV|
|3.4.21.81-RXN|
|RXN-20414|
|RXN-14975|
|RXN-19414|
|3.4.24.40-RXN|
|5.3.3.14-RXN|
|5.3.3.14-RXN_REV|
|RXN-18051|
|LYSINE--TRNA-LIGASE-RXN|
|RXN-9345|
|RXN-22804|
|3.1.21.3-RXN|
|RXN-17119|
|RXN-11406|
|RXN-13237|
|RXN-4228|
|RXN-21490|
|RXN-14414|
|RXN-19204|
|RXN-18993|
|RXN-14872|
|3.4.22.68-RXN|
|RXN-13503|
|2-HYDROXYPYRIDINE-5-MONOOXYGENASE-RXN|
|PHOSPHATIDYLCHOLINE-12-MONOOXYGENASE-RXN|
|2.3.1.158-RXN|
|RXN-21834|
|RXN-8646|
|RXN-16088|
|3.4.21.66-RXN|
|RXN0-6371|
|RXN-20397|
|3.4.24.25-RXN|
|RXN-20927|
|RXN-9314|
|RXN-18486|
|RXN66-61|
|3.1.11.6-RXN|
|RXN-11388|
|RXN-15463|
|RXN-11536|
|GLUTAMINE--TRNA-LIGASE-RXN|
|RXN0-5195|
|3.4.22.33-RXN|
|RXN-13486|
|3.4.24.74-RXN|
|RXN-17933|
|MANDELATE-DEHYDROGENASE-RXN|
|RXN-8322|
|RXN-1144|
|RXN-13014|
|RXN-15919|
|3.4.21.48-RXN|
|RXN-19031|
|RXN-16548|
|RXN-13383|
|3.4.23.5-RXN|
|RXN-20902|
|RXN-11042|
|RXN-22763|
|RXN-8024|
|RXN-12755|
|RXN-19343|
|RXN-15440|
|RXN-12915|
|RXN-20080|
|RXN-3761|
|CITRATE-PRO-3S-LYASE-THIOLESTERASE-RXN|
|RXN-18957|
|RXN-10113|
|RXN-19411|
|3.4.22.1-RXN|
|3.4.24.6-RXN|
|RXN-17913|
|RXN-16821|
|RXN-21170|
|RXN-18529|
|3.1.26.8-RXN|
|RXN-19991|
|RXN-8305|
|RXN-14262|
|RXN-11738|
|SORBOSE-DEHYDROGENASE-RXN|
|RXN-15887|
|RXN0-3364|
|3.4.21.26-RXN|
|RXN-18878|
|RXN-16529|
|RXN-17802|
|3.4.23.29-RXN|
|RXN-13528|
|RXN-16375|
|RXN-8008|
|RXN-12739|
|RXN-9830|
|3-OXO-5-BETA-STEROID-4-DEHYDROGENASE-RXN|
|RXN-15418|
|RXN-17066|
|RXN-22577|
|RXN-8530|
|RXN0-5100|
|RXN0-5100_REV|
|RXN-18937|
|RXN-714|
|RXN0-6522|
|3.4.21.85-RXN|
|3.4.24.44-RXN|
|RXN-19244|
|RXN-22475|
|RXN-14681|
|3.4.11.19-RXN|
|RXN-11260|
|RXN-8082|
|3.1.21.7-RXN|
|RXN-4241|
|RXN-12139|
|RXN-16036|
|RXN-17323|
|1.1.99.30-RXN|
|RXN-14748|
|RXN-21496|
|RXN-7442|
|3.4.21.102-RXN|
|RXN-12649|
|RXN-17784|
|3.4.23.12-RXN|
|RXN66-303|
|RXN-18214|
|RXN-12210|
|NUCLEOSIDE-DEOXYRIBOSYLTRANSFERASE-RXN|
|NUCLEOSIDE-DEOXYRIBOSYLTRANSFERASE-RXN_REV|
|RXN-9606|
|RXN-7978|
|RXN-16868|
|RXN-12866|
|RXN-16172|
|RXN-18428|
|RXN-3462|
|RXN-3462_REV|
|RXN-18756|
|RXN-14317|
|RXN-16704|
|RXN-11937|
|RXN-22354|
|RXN-7621|
|RXN-11159|
|3.4.21.7-RXN|
|RXN18HP-8|
|3.4.24.29-RXN|
|6.3.5.7-RXN|
|RXN-12056|
|RXN-19380|
|RXN-12442|
|3.2.2.10-RXN|
|6.3.5.6-RXN|
|3.1.13.4-RXN|
|RXN-12502|
|RXN-15317|
|RXN66-661|
|SARCOSINE-DEHYDROGENASE-RXN|
|RXN-13400|
|RXN-11699|
|RXN0-2604|
|RXN-7262|
|RIBOSYLPYRIMIDINE-NUCLEOSIDASE-RXN|
|ENTG-RXN|
|RXN66-183|
|3.4.17.15-RXN|
|3.4.22.37-RXN|
|RXN-17939|
|RXN-19786|
|RXN-21016|
|RXN-21279|
|RXN-17923|
|RXN-17029|
|RXN-19749|
|2.1.1.137-RXN|
|RXN66-359|
|RXN-11307|
|1.2.1.40-RXN|
|RXN-19720|
|RXN-19134|
|RXN-12680|
|RXN-21354|
|RXN-22620|
|RXN-11918|
|R425-RXN|
|RXN-11137|
|RXN-18900|
|3.4.21.53-RXN|
|RXN-17520|
|RXN-10746|
|RXN-13387|
|3.4.24.13-RXN|
|RXN-8959|
|RXN-20906|
|RXN-13898|
|RXN-12414|
|RXN-19209|
|RXN-15712|
|RXN-9669|
|RXN-12421|
|RXN-8029|
|RXN-13397|
|RXN-19918|
|RXN-15444|
|RXN-18533|
|RXN0-7139|
|1.14.13.70-RXN|
|RXN-19939|
|RXN-11678|
|RXN66-15|
|RXN-18962|
|RXN-17271|
|RXNQT-4311|
|3.4.14.2-RXN|
|3.4.22.16-RXN|
|AMINOCYL-TRNA-HYDROLASE-RXN|
|1.11.1.15-RXN|
|RXN-22767|
|4.1.2.30-RXN|
|PHENGLYOXRED-RXN|
|PHENGLYOXRED-RXN_REV|
|RXN-16996|
|RXN-16996_REV|
|3.1.27.8-RXN|
|RXN-19995|
|RXN-7563|
|1.14.99.31-RXN|
|RXN-19115|
|RXN-11652|
|RXN-10645|
|RXN-18883|
|RXN-22617|
|3.4.21.34-RXN|
|RXN-13568|
|3.4.23.32-RXN|
|RXN-11586|
|RXN-13366|
|TRANS-CINNAMATE-4-MONOOXYGENASE-RXN|
|RXN66-2|
|RXN-13718|
|RXN-21065|
|RXN-17642|
|2.7.1.61-RXN|
|RXN-18199|
|RXN-20684|
|RXN-12743|
|RXN-11185|
|RXN-20999|
|RXN-21495|
|RXN-778|
|RXN-15963|
|RXN-12411|
|RXN-17649|
|RXN-18942|
|RXN-715|
|RXN-20445|
|RXN-8534|
|RXN-19936|
|3.4.11.6-RXN|
|3.4.21.89-RXN|
|RXN-22829|
|RXN-21250|
|RXN-20249|
|RXN-10792|
|RXN-9179|
|RXN-14744|
|3.1.27.5-RXN|
|RXN-17890|
|RXN-18512|
|RXN-8392|
|RXN-19248|
|RXN-19369|
|3.1.22.5-RXN|
|RXN0-7362|
|RXN-13615|
|RXN-7875|
|RXN-19788|
|RXN-11414|
|RXN-19339|
|RXN-12656|
|RXN-15674|
|RXN-14250|
|NITRIC-OXIDE-REDUCTASE-RXN|
|RXN-18399|
|RXN-8215|
|RXN-17327|
|RXN-12653|
|3.4.23.18-RXN|
|RXN66-310|
|3.4.21.111-RXN|
|RXN-13193|
|RXN-17788|
|RXN-16969|
|ARGININE--TRNA-LIGASE-RXN|
|RXN-20867|
|RXN-8192|
|RXN-19714|
|RXN-16872|
|3-HYDROXYCYCLOHEXANONE-DEHYDROGENASE-RXN|
|AMONITRO-RXN|
|RXN-12054|
|RXN66-487|
|RXN-19163|
|RXN-14332|
|RXN-18128|
|RXN0-5021|
|RXN-13509|
|RXN-11163|
|RXN-8518|
|RXN-21975|
|3.4.21.73-RXN|
|RXN1A0-6102|
|RXN-14154|
|RXN-2206|
|RXN-12967|
|RXN-8361|
|RXN-9710|
|RXN-18164|
|RXN-14664|
|3.2.2.21-RXN|
|RXN-16786|
|3.1.16.1-RXN|
|RXN-19954|
|RXN-20440|
|RXN-12883|
|RXN-19066|
|RXN66-665|
|RXN-9482|
|RXN-19933|
|RXN-9306|
|RXN-20911|
|1.14.13.117-RXN|
|RXN0-2621|
|3.4.22.41-RXN|
|RXN-14069|
|RXN66-20|
|RXN-18943|
|3.4.17.19-RXN|
|RXN-19335|
|RXN-16850|
|RXN-15382|
|RXN-7961|
|RXN-12851|
|RXN-18874|
|RXN-16159|
|RXN-19830|
|RXN-13713|
|RXN3O-58|
|RXN-21359|
|RXN-18904|
|3.4.21.59-RXN|
|RXN-14131|
|RXN-10751|
|RXN-20389|
|RXN-8340|
|RXN-16409|
|RXN-17199|
|RXN-16228|
|RXN-19146|
|RXN-19639|
|RXN-16085|
|RXN-16770|
|1.14.13.104-RXN|
|RXN-5445|
|RXN-19741|
|RXN-13506|
|RXN-3943|
|RXN-7807|
|RXN-18161|
|RXN-11682|
|RXN-13432|
|RXN66-163|
|RXN-15629|
|RXN-1728|
|3.4.22.26-RXN|
|RXN-11881|
|3.4.14.9-RXN|
|RXN-17922|
|RXN-22841|
|RXN-18101|
|6.1.1.23-RXN|
|RXN-19930|
|RXN-6269|
|RXN-20870|
|RXN-11533|
|RXN-16143|
|RXN-7921|
|1.14.99.35-RXN|
|RXN-19119|
|RXN-12683|
|RXN66-346|
|3.4.24.71-RXN|
|RXN-10649|
|RXN3O-1380|
|DNA-LIGASE-ATP-RXN|
|RXN-19645|
|RXN-11121|
|RXN-13710|
|RXN-22858|
|RXN-17350|
|3.4.21.38-RXN|
|RXN-13190|
|RXN-12503|
|RXN-8184|
|RXN-11175|
|RXN-8319|
|RXN-17907|
|RXN-13004|
|3.2.1.65-RXN|
|RXN-16205|
|RXN-19730|
|STEROID-17-ALPHA-MONOOXYGENASE-RXN|
|RXN-6682|
|RXN-9638|
|RXN-17647|
|RXN-20692|
|RXN-16069|
|D-2-HYDROXY-ACID-DEHYDROGENASE-RXN|
|RXN-19197|
|RXN-19028|
|RXN-19676|
|RXN-19713|
|RXN-22918|
|RXN-717|
|3.4.21.92-RXN|
|RXN-8538|
|RXN1F-160|
|RXN-9844|
|RXN-18158|
|5.99.1.2-RXN|
|RXN-20433|
|1.14.13.96-RXN|
|RXN-18096|
|RXN-19097|
|RXN-19926|
|RXN-16637|
|3.4.24.57-RXN|
|RXN66-317|
|BTUR2-RXN|
|1.13.12.7-RXN|
|RXN-21167|
|RXN-18703|
|3.4.21.119-RXN|
|RXN-12799|
|RXN-8302|
|RXN-17792|
|RXN-12223|
|RXN-8924|
|RXN-9616|
|RXN1F-152|
|RXN-8755|
|RXN-16187|
|RXN-6561|
|RXN-22718|
|RXN-16051|
|RXN-16881|
|RXN-13187|
|GLYCINE--TRNA-LIGASE-RXN|
|RXN-12226|
|RXN-12701|
|R247-RXN|
|RXN-19723|
|RXN-20687|
|RXN-22206|
|RXN-776|
|RXN-14336|
|RXN-12588|
|RXN-13525|
|RXN-16184|
|RXN0-5051|
|RXN-18134|
|RXN-18171|
|3.4.21.77-RXN|
|RXN1A0-6305|
|RXN-9827|
|RXN-19694|
|RXN-15713|
|RXN-11167|
|RXN-20059|
|RXN-17549|
|RXN-8366|
|RXN-18985|
|GLUCONATE-2-DEHYDROGENASE-RXN|
|SUGAR-PHOSPHATASE-RXN|
|1.14.13.71-RXN|
|RXNQT-4312|
|RXN-14978|
|RXN-19075|
|RXN-19373|
|3.4.24.41-RXN|
|CARBOXYLATE-REDUCTASE-RXN|
|CARBOXYLATE-REDUCTASE-RXN_REV|
|RXN-18052|
|RXN-9486|
|RXN-22768|
|RXN-25|
|RXN-18839|
|RXN-9346|
|RXN-18507|
|RXN-22805|
|RXN-18860|
|RXN-17314|
|RXN-19784|
|RXN-9061|
|RXN-17122|
|RXN-12957|
|RXN-11653|
|RXN-21304|
|RXN-14580|
|HEME-OXYGENASE-DECYCLIZING-RXN|
|RXN-18994|
|RXN-7966|
|RXN-13504|
|RXN-15039|
|RXN-16163|
|RXN-11770|
|RXN-9228|
|RXN-19143|
|RXN-15738|
|RXN-21363|
|3.4.21.62-RXN|
|RXN-19673|
|WATASEMIA-LUCIFERIN-2-MONOOXYGENASE-RXN|
|RXN-20033|
|RXN-8346|
|RXN-21835|
|RXN-8969|
|RXN-4544|
|RXN-20569|
|RXN-18531|
|1.14.13.36-RXN|
|RXN-20206|
|RXN-19217|
|CDHMSARC-RXN|
|CDHMSARC-RXN_REV|
|RXN66-586|
|1.14.13.68-RXN|
|RXN-19052|
|RXN-22830|
|RXN-14746|
|3.4.24.26-RXN|
|RXNQT-4309|
|RXN-15107|
|RXN-21102|
|RXN-18489|
|RXN-10831|
|RXN-9045|
|RXN-13194|
|RXN-11537|
|RXN-15975|
|RXN-22508|
|RXN-11118|
|RXN-11297|
|RXN-18758|
|RXN-16147|
|RXN-13487|
|RXN-13645|
|RXN-19643|
|RXN3O-218|
|RXN-15718|
|3.4.21.42-RXN|
|RXN-22863|
|RXN-8323|
|RXN-13015|
|RXN-17180|
|RXN-20897|
|RXN-18165|
|RXN-16073|
|3.2.1.71-RXN|
|RXN-11915|
|RXN-17654|
|1.3.99.16-RXN|
|RXN-11908|
|RXN-5285|
|3.4.24.1-RXN|
|RXN-15780|
|RXN-15673|
|RXN0-7100|
|RXN-19718|
|RXN-8358|
|RXN-8358_REV|
|RXN-11045|
|RXN-19934|
|3.1.27.10-RXN|
|RXN-22764|
|3.6.4.3-RXN|
|RETINAL-OXIDASE-RXN|
|RXN-7740|
|RXN66-13|
|1.14.13.118-RXN|
|RXN-18169|
|RXN-11666|
|RXN-21728|
|3.2.1.124-RXN|
|RXN-17260|
|RXN-15441|
|RXN-20081|
|RXN-14696|
|RXN-12916|
|RXN-17573|
|RXN-19336|
|RXN-12247|
|RXN-8406|
|RXN-4602|
|RXN-15978|
|RXN-48|
|TAURINE-DEHYDROGENASE-RXN|
|RXN-10114|
|RXN-17938|
|1.14.19.5-RXN|
|RXN0-7388|
|RXN-8189|
|3.4.24.60-RXN|
|RXN-19103|
|2.8.1.6-RXN|
|RXN-18074|
|RXN-16641|
|RXN0-4701|
|RXN0-3221|
|RXN-14548|
|RXN-20202|
|RXN-17838|
|3.4.21.20-RXN|
|RXN-1402|
|RXN-16993|
|RXN-22826|
|3.1.26.9-RXN|
|RXN-17796|
|RXN-8306|
|RXN-8971|
|RXN-21788|
|GLUTARYL-COA-DEHYDROGENASE-RXN|
|RXN-661|
|RXN-13507|
|RXN-20032|
|RXN-18162|
|3.4.23.3-RXN|
|RXN-15061|
|RXN-21388|
|RXN-17644|
|RXN-21060|
|RXN-22741|
|RXN-22403|
|RXN-9831|
|RXN-17627|
|RXN-21586|
|RXN-20438|
|RXN-12891|
|RXN-14736|
|RXN-18490|
|RXN-8372|
|RXN-15960|
|RXN-19240|
|RXN-18938|
|RXN0-6523|
|RXN-17236|
|DNA-LIGASE-NAD+-RXN|
|RXN-7650|
|RXN-14677|
|1.14.13.75-RXN|
|3.4.11.10-RXN|
|3.4.24.45-RXN|
|RXN-13711|
|RXN-19083|
|RXN0-2941|
|RXN0-5063|
|RXN-9350|
|RXN-14738|
|RXN-16972|
|RXN-22809|
|3.4.21.1-RXN|
|3.1.22.1-RXN|
|RXN-8185|
|RXN-22654|
|RXN-22654_REV|
|RXN-15437|
|RXN-8737|
|RXN-15660|
|RXN-20133|
|RXN-22566|
|RXN-22566_REV|
|CYCLOHEXANONE-DEHYDROGENASE-RXN|
|RXN-7443|
|GLYCERALDEHYDE-DEHYDRO-RXN|
|RXN-14879|
|RXN-12714|
|3.4.23.15-RXN|
|RXN-12046|
|RXN-14428|
|RXN-11003|
|RXN-18175|
|RXN-18159|
|RXN-9807|
|RXN-19152|
|RXN-8510|
|RXN-21560|
|RXN-22345|
|RXN-11155|
|RXN-18989|
|RXN-16238|
|RXN-18430|
|RXN-8351|
|RXN-18955|
|RXN-20573|
|RXN-11621|
|RXN-19221|
|RXN-18487|
|RXN-7624|
|RXN-22447|
|3.2.1.96-RXN|
|RXN-9763|
|3.4.24.3-RXN|
|1.14.13.55-RXN|
|D-OCTOPINE-DEHYDROGENASE-RXN|
|RXN-19056|
|GSCYSSYN-RXN|
|RXN-16575|
|RXN-16424|
|RXN-18865|
|RXN-13707|
|RXN-9703|
|PROGESTERONE-MONOOXYGENASE-RXN|
|RXN-9319|
|RXN-15112|
|3.1.13.5-RXN|
|RXN-21754|
|RXN66-170|
|RXN-15470|
|RXN-14132|
|RXN-17106|
|MYCOCEROSATE-SYNTHASE-RXN|
|RXN-13188|
|RXN-11846|
|RXN-21836|
|RXN-11541|
|RXN-8427|
|GLUTARYL-COA-DEHYDROG-RXN|
|GLUTARYL-COA-DEHYDROG-RXN_REV|
|RXN-7943|
|RXN-19724|
|3.4.22.38-RXN|
|RXN-19486|
|RXN-13491|
|RXN-12030|
|RXN-8872|
|RXN66-355|
|RXN-17940|
|3.5.1.27-RXN|
|RXN-19127|
|RXN-21350|
|RXN-19179|
|RXN-18098|
|RXN-9775|
|R421-RXN|
|RXN-17030|
|3.1.30.1-RXN|
|RXN-15379|
|RXN-12848|
|RXN-11444|
|PSII-RXN|
|PROSTAGLANDIN-ENDOPEROXIDE-SYNTHASE-RXN|
|RXN-8327|
|RXN4FS-22|
|RXN-17184|
|1.3.99.23-RXN|
|RXN-18901|
|RXN-17521|
|RXN-16077|
|RXN-17658|
|3.4.24.14-RXN|
|RXN-19728|
|RXN-18537|
|RXNQT-4313|
|RXN-945|
|RXN-22232|
|RXN-7796|
|RXN-11671|
|RXN-11049|
|RXN-18862|
|3.6.4.8-RXN|
|RXN66-144|
|RXN-19785|
|RXN-14030|
|RXN-15445|
|RXN-20264|
|FLAVONOID-3-MONOOXYGENASE-RXN|
|RXN-8702|
|RXN-21266|
|HEXOKINASE-RXN|
|MERCAPYSTRANS-RXN|
|RXN-8410|
|RXN-4804|
|3.4.22.2-RXN|
|RXN-12012|
|PRODISULFREDUCT-RXN|
|RXN-22916|
|1.14.99.12-RXN|
|RXN66-338|
|RXN-17918|
|RXN-21497|
|3.4.24.64-RXN|
|RXN-12413|
|RXN-16645|
|RXN-18078|
|RXN-16997|
|RXN-16997_REV|
|3.1.27.9-RXN|
|RXN-19996|
|RXN-22835|
|RXN-8363|
|RXN-10718|
|RXN-19938|
|RXN-4316|
|RXN-22831|
|RXN-8310|
|--LIMONENE-3-MONOOXYGENASE-RXN|
|RXN-11902|
|RXN-12990|
|RXN-20164|
|RXN-19181|
|RXNQT-4310|
|RXN-18884|
|RXN-19835|
|3.4.23.34-RXN|
|ACETYL-COA-CARBOXYLASE-PHOSPHATASE-RXN|
|RXN-17919|
|RXN-11650|
|RXN-21829|
|RXN-9631|
|RXN-8218|
|HAONITRO-RXN|
|RXN-18143|
|RXN0-1061|
|RXN-15592|
|3-OXOSTEROID-1-DEHYDROGENASE-RXN|
|RXN-20210|
|3.4.11.21-RXN|
|RXN-20239|
|RXN-19684|
|RXN-18452|
|RXN-11498|
|RXN-19072|
|RXN-716|
|RXN-20041|
|3.4.21.9-RXN|
|RXN-9180|
|RXN0-6527|
|1.14.13.79-RXN|
|RXN-21494|
|RXN-7655|
|RXN-12410|
|RXN-17891|
|3.4.24.49-RXN|
|RXN-22828|
|LYSYLTRANSFERASE-RXN|
|3.1.27.3-RXN|
|3.1.25.1-RXN|
|ADENYLYLSULFATE-REDUCTASE-RXN|
|ADENYLYLSULFATE-REDUCTASE-RXN_REV|
|RXN-11091|
|RXN-21159|
|RXN-11415|
|RXN-18516|
|RXN-19368|
|RXN-8294|
|RXN-21776|
|RXN-15501|
|RXN-13717|
|RXN-15849|
|RXN-20138|
|RXN-17477|
|3.4.23.19-RXN|
|RXN-8190|
|RXN-10010|
|RXN-12050|
|RXN-22197|
|RXN-16360|
|RXN-15047|
|RXN-20136|
|RXN-19151|
|RXN-8193|
|RXN-9236|
|RXN-18124|
|RXN-18435|
|RXN-13508|
|RXN-19067|
|RXN-18163|
|RXN-20577|
|3.4.21.74-RXN|
|RXN1A0-6108|
|RXN0-6480|
|RXN-7782|
|RXN-7629|
|D-SORBITOL-DEHYDROGENASE-RXN|
|RXN-19060|
|RXN-19932|
|3.4.24.33-RXN|
|RXN-10605|
|RXN-13712|
|RXN-11399|
|RXN-20302|
|RXN-4209|
|RXN66-666|
|RXN-8275|
|RXN-13192|
|RXN-18346|
|RXN-20238|
|RXN-14864|
|RXN-22203|
|3.4.22.42-RXN|
|RXN-10670|
|RXN-18835|
|1.1.3.35-RXN|
|CROBETREDUCT-RXN|
|RXN-1023|
|RXN-12034|
|RXN-21021|
|RXN-20644|
|RXN-10990|
|RXN-21540|
|RXN-22707|
|RXN-15383|
|RXN-16500|
|RXN-16851|
|RXN-22526|
|RXN-19831|
|RXN-11316|
|RXN-13961|
|RXN-8331|
|RXN-21825|
|RXN-4511|
|RXN0-4222|
|RXN-17376|
|RXN-18160|
|RXN-11926|
|3.4.21.6-RXN|
|RXN3O-130|
|1.17.99.1-RXN|
|3.4.24.18-RXN|
|RXN-14314|
|RXN-22840|
|RXN-18099|
|RXN-18479|
|RXN-19928|
|RXN-21385|
|RXN-18488|
|RXN-18939|
|RXN-8706|
|RXN-11529|
|3.4.22.27-RXN|
|RXN-18967|
|RXN-4842|
|RXN-12225|
|RXN-13709|
|6.1.1.24-RXN|
|RXN-19789|
|3.4.24.68-RXN|
|RXN-13690|
|RXN-13956|
|RXN-15532|
|RXN-13189|
|RXN-19725|
|RXN-12497|
|RXN-20130|
|RXN4FS-23|
|RXN-16064|
|3.4.21.39-RXN|
|RXN-17659|
|RXN-15488|
|3.4.23.4-RXN|
|RXN-16541|
|RXN-15490|
|3.6.3.52-RXN|
|RXN-6683|
|LEUKOTRIENE-B4-20-MONOOXYGENASE-RXN|
|RXN-22756|
|RXN-19906|
|RXN-12748|
|RXN-15430|
|RXN-17076|
|ABC-23-RXN|
|RXNQT-4355|
|3.2.1.109-RXN|
|3.6.3.28-RXN|
|RXN-21429|
|RXN-718|
|RXN-15968|
|TRANS-RXN-378|
|3.4.21.93-RXN|
|RXN1F-161|
|RXN-20429|
|5.99.1.3-RXN|
|3.6.3.44-RXN|
|RXN-9184|
|3.4.24.53-RXN|
|1.8.98.2-RXN|
|TRANS-RXN-477|
|RXN-21163|
|RXN-18520|
|RXN-18520_REV|
|3.1.26.12-RXN|
|RXN-11419|
|RXN-8298|
|RXN-4304|
|3.6.3.17-RXN|
|RXN-16047|
|3.4.21.12-RXN|
|CYPRIDINA-LUCIFERIN-2-MONOOXYGENASE-RXN|
|3.4.23.22-RXN|
|RXN-16519|
|RXN1G01-40|
|RXN-22201|
|3.6.4.7-RXN|
|RXN-9617|
|RXN-22731|
|RXN-8197|
|RXN-12879|
|RXN0-5052|
|RXN-11475|
|RXN-21384|
|RXN-18767|
|3.4.21.78-RXN|
|RXN1A0-6307|
|RXN-20410|
|RXN-14491|
|RXN-21980|
|RXN0-6484|
|3.4.24.37-RXN|
|3.6.3.50-RXN|
|2.7.7.8-RXN|
|2.7.7.8-RXN_REV|
|RXN-14236|
|RXN-21487|
|RXN-12952|
|3.6.3.23-RXN|
|SELENOCYSTEINE-LYASE-RXN|
|RNTRACTIV-RXN|
|RXN-16025|
|RXN-9062|
|3.4.22.46-RXN|
|RXN-18990|
|L-PIPECOLATE-DEHYDROGENASE-RXN|
|RXN-13500|
|3.6.3.18-RXN|
|RXN-16504|
|RXN-22384|
|RXN-9798|
|RXN-17038|
|3.6.3.38-RXN|
|RXN-21364|
|3.4.21.63-RXN|
|RXN-4522|
|RXN-8507|
|RXN-20394|
|RXN-11930|
|RXN-13220|
|RXN0-6359|
|RXN-8970|
|3.4.24.22-RXN|
|RXN-16235|
|RXN-16413|
|3.6.3.1-RXN|
|RXN-8039|
|RXN-19218|
|RXN-12769|
|RXN-19371|
|RXN-18483|
|3.1.11.2-RXN|
|RXN-19935|
|RXN-11385|
|RXN-21463|
|3.6.3.51-RXN|
|RXN0-5189|
|TRANS-RXN-418|
|RXN0-2301|
|3.4.22.30-RXN|
|RXN-18971|
|3.4.16.2-RXN|
|RXN-20868|
|RXN-20998|
|TRANS-RXN-377|
|RXN-12690|
|3.4.21.45-RXN|
|RXN-11911|
|3.4.23.43-RXN|
|RXN-8952|
|RXN-16398|
|1.3.99.17-RXN|
|TRANS-RXN-238|
|RXN-19334|
|RXN-12412|
|RXN-22366|
|RXN-16919|
|POLYNUCLEOTIDE-5-PHOSPHATASE-RXN|
|RXN-19719|
|RXN-15782|
|RXN-8695|
|TRANS-RXN0-224|
|RXN-15972|
|RXN-17425|
|RXN-18953|
|RXN-14697|
|3.4.21.97-RXN|
|1.97.1.8-RXN|
|RXN-17909|
|RXN-16465|
|RXN-9744|
|3.1.26.5-RXN|
|RXN-11734|
|RXN-15878|
|RXN-4308|
|RXN-18710|
|3.4.21.21-RXN|
|RXN-17487|
|3.4.23.26-RXN|
|RXN-8935|
|RXN-8003|
|TRANS-RXN-295|
|TRANS-RXN-295_REV|
|RXN-19885|
|RXN-12884|
|RXN-15956|
|RXN-11647|
|3.4.21.82-RXN|
|RXN1A0-6316|
|RXN-19241|
|RXN-14678|
|3.4.11.13-RXN|
|RXN-16967|
|3.1.21.4-RXN|
|RXN-18354|
|RXN-19968|
|RXN-20736|
|RXN-12136|
|RXN0-2942|
|RXN-17319|
|RXN-14415|
|RXN-14739|
|3.4.21.10-RXN|
|RXN-7422|
|RXN-14873|
|RXN-16332|
|3.4.22.7-RXN|
|RXN-9601|
|RXN-15237|
|PHOSPHATIDYLCHOLINE-DESATURASE-RXN|
|RXN-21550|
|RXN-15394|
|RXN-19153|
|R525-RXN|
|RXN-22346|
|3.4.21.67-RXN|
|RXN-11156|
|RXN-16239|
|RXN-19222|
|RXN-8050|
|3.1.13.1-RXN|
|RXN-4141|
|RXN-15113|
|3.4.17.12-RXN|
|3.4.22.34-RXN|
|RXN-13828|
|RXN-16843|
|RXN-10666|
|RXN66-356|
|RXN0-7206|
|RXN0-7206_REV|
|ASPARAGINE--TRNA-LIGASE-RXN|
|3.4.21.49-RXN|
|RXN-16217|
|RXN-17185|
|RXN-20903|
|RXN-12254|
|RXN-8025|
|RXN-19729|
|TRANS-RXN0-600|
|TRANS-RXN0-600_REV|
|RXN-7798|
|TYROSINE--TRNA-LIGASE-RXN|
|RXN-3762|
|RXN-18802|
|RXN0-5131|
|RXN-15622|
|3.4.14.1-RXN|
|3.4.22.10-RXN|
|RXN-17914|
|RXN-8411|
|RXN-16822|
|TCEREDCHLOR-RXN|
|RXN0-7397|
|TRANS-RXN-277|
|TRANS-RXN-277_REV|
|1.14.99.15-RXN|
|RXN-12826|
|RXN66-339|
|RXN-19636|
|3.4.21.27-RXN|
|RXN-22836|
|RXN-18880|
|RXN-10719|
|TOLUENE-SIDE-CHAIN-MONOOXYGENASE-RXN|
|TRANS-RXN-461|
|TRANS-RXN-461_REV|
|RXN-17162|
|RXN-16198|
|OCTAPRENYL-METHYL-METHOXY-BENZOQ-OH-RXN|
|RXN-8009|
|RXN-12740|
|RXN-12069|
|RXN-17248|
|RXN-7141|
|3.4.11.3-RXN|
|RXN-10789|
|RXN-21246|
|RXN-20240|
|3.4.21.86-RXN|
|RXN-20420|
|RXN-8383|
|RXN-5962|
|RXN-19245|
|RXN-13076|
|RXN-12143|
|RXN-20234|
|RXN-8083|
|RXN-19089|
|RXN-11721|
|TRANS-RXN-484|
|TRANS-RXN-484_REV|
|RXN-17324|
|RXN-12650|
|3.4.21.104-RXN|
|RXN-14083|
|RXN66-304|
|RXN-18215|
|RXN-9072|
|RXN-20139|
|R242-RXN|
|RXN18C3-237|
|RXN-9609|
|RXN-7979|
|RXN-15241|
|RXN-12051|
|RXN-16173|
|RXN-775|
|RXN-11334|
|RXN-22356|
|RXN-11160|
|RXN-9419|
|3.4.21.70-RXN|
|RXN18HP-9|
|TRANS-RXN-278|
|TRANS-RXN-278_REV|
|RXN-9479|
|RXN66-662|
|RXN-18337|
|RXN-15809|
|RXN-11701|
|RXN0-2605|
|RXN-18828|
|3.4.17.16-RXN|
|RXN-17112|
|RXN-10671|
|NICOTINATE-DEHYDROGENASE-RXN|
|RXN-16847|
|RXN-12035|
|RXN66-360|
|RXN-11310|
|RXN-19135|
|RXN-16677|
|ASPARTATE--TRNA-LIGASE-RXN|
|RXN-11138|
|RXN-9403|
|R461-RXN|
|RXN-9946|
|RXN-21826|
|RXN-13024|
|RXN-19210|
|RXN-5442|
|RXN-10474|
|RXN-15099|
|RXN66-16|
|TRANS-RXN0-181|
|RXN-11056|
|RXN-15626|
|3.4.14.4-RXN|
|RXN-20295|
|RXN-20771|
|RXN-11530|
|RXN-16140|
|RXN0-882|
|1.14.99.32-RXN|
|RXN-12018|
|RXN-19116|
|DNA-DIRECTED-DNA-POLYMERASE-RXN|
|3.4.24.69-RXN|
|TRANS-RXN-479|
|TRANS-RXN-479_REV|
|RXN3O-117|
|RXN-15533|
|RXN-17347|
|3.4.21.35-RXN|
|RXN-8316|
|RXN-16065|
|RXN-20685|
|2.7.1.62-RXN|
|RXN-19025|
|RXN-16542|
|RXN-22221|
|RXN-944|
|TRANS-RXN-279|
|TRANS-RXN-279_REV|
|2.4.1.74-RXN|
|RXN-22757|
|RXN-17252|
|RXN-18630|
|3.4.11.7-RXN|
|RXN-8393|
|RXN-20250|
|RXN-9010|
|RXN-13082|
|RXN-11510|
|TRANS-RXN-367|
|1.14.13.93-RXN|
|RXN-19094|
|RXN-7876|
|RXN-16614|
|RXN-10628|
|RXN-12657|
|DIMETHYLGLYCINE-DEHYDROGENASE-RXN|
|3.4.24.54-RXN|
|RXN-11097|
|RXN-15675|
|RXN-11725|
|RXN-21164|
|RXN-18521|
|RXN66-311|
|3.4.21.113-RXN|
|RXN-15671|
|RXN-20353|
|RXN-8299|
|RXN-20143|
|RXN-17625|
|R265-RXN|
|R265-RXN_REV|
|RXN-16048|
|NUCLEOSIDE-RIBOSYLTRANSFERASE-RXN|
|NUCLEOSIDE-RIBOSYLTRANSFERASE-RXN_REV|
|THTOREDUCT-RXN|
|RXN-16177|
|RXN-22202|
|RXN490-3616|
|1.20.99.1-RXN|
|1.20.99.1-RXN_REV|
|RXN-18129|
|RXN-19164|
|METHIONINE--TRNA-LIGASE-RXN|
|RXN-19691|
|RXN-11164|
|RXN-21976|
|RXN-14155|
|RXN-13239|
|RXN-17057|
|RXN-9985|
|RXN-17546|
|RXN-8811|
|RXN-11484|
|RXN-16101|
|RXN-14665|
|1.6.4.4-RXN|
|3.2.2.22-RXN|
|RXN-19070|
|RXN0-6485|
|RXN-7634|
|3.4.24.38-RXN|
|RXN-11077|
|RXN-22802|
|RXN66-21|
|3.4.17.21-RXN|
|TRANS-RXN-205A|
|TRANS-RXN-205A_REV|
|RXN-21765|
|RXN-5063|
|NICOTINE-DEHYDROGENASE-RXN|
|RXN-7962|
|RXN-18991|
|RXN-13501|
|RXN-15735|
|RXN-21360|
|RXN-11143|
|RXN-16505|
|RXN-8342|
|RXN-10752|
|RXN-21410|
|RXN-20160|
|RXN-20056|
|RXN-8792|
|RXN-19214|
|RXN-20161|
|RXN-16771|
|RXN-20057|
|RXN-20000|
|RXN-11931|
|DSBD-RXN|
|RXN0-5401|
|RXN-13566|
|RXN-7809|
|RXN-21406|
|3.4.24.23-RXN|
|RXN-20159|
|RXN-20017|
|RXN0-7311|
|DSBDC-RXN|
|RXN-15630|
|MOXXANAU-RXN|
|MOXXANAU-RXN_REV|
|RXN-14531|
|3.4.15.1-RXN|
|RXN-20299|
|RXN-15460|
|RXN-4848|
|RXN-6271|
|RXN-8855|
|RXN-15093|
|RXN-16144|
|1.14.99.37-RXN|
|3.4.24.72-RXN|
|RXN-19120|
|RXN-18089|
|RXN66-347|
|RXN-15538|
|RXN-19646|
|RXN-11122|
|RXN-15083|
|RXN-9388|
|RXN-22860|
|TRANS-RXN-485|
|RXN-12504|
|RXN-8320|
|STEROID-21-MONOOXYGENASE-RXN|
|RXN-16070|
|RXN-17648|
|RXN-16206|
|RXN-4443|
|RXN-20695|
|RXN-11912|
|RXN-19715|
|3.4.23.44-RXN|
|RXN-22761|
|RXN-18166|
|RXN-22919|
|RXN-21077|
|RXN-15438|
|GLUCOSIDE-3-DEHYDROGENASE-RXN|
|RXN-8696|
|RXN-15973|
|RXN-16128|
|1.14.13.98-RXN|
|RXN-18954|
|RXN-10111|
|RXN-19098|
|3.4.24.58-RXN|
|RXN-16638|
|RXN-19409|
|RXN-17928|
|RXN-17908|
|RNA-3-PHOSPHATE-CYCLASE-RXN|
|RXN-21168|
|RXN-15515|
|RXN-17934|
|RXN-18706|
|RXN-20036|
|RXN0-5435|
|RXN-16989|
|RXN-8303|
|RXN-8470|
|RXN-14708|
|3.1.26.6-RXN|
|RXN0-6566|
|RXN-17927|
|RXN-21823|
|RXN-17910|
|RXN-16052|
|RNA-LIGASE-ATP-RXN|
|RXN-16188|
|RXN-17905|
|RXN-20034|
|RXN-17488|
|3.4.23.27-RXN|
|RXN-13526|
|RXN-12551|
|RXN-8922|
|RXN-16185|
|RXN1G-4140|
|2.7.11.24-RXN|
|RXN-18135|
|RXN-19488|
|RXN-21723|
|METHIONYL-TRNA-FORMYLTRANSFERASE-RXN|
|RXN-14381|
|RXN-9828|
|RXN-22370|
|RXN1G-3613|
|RXN-11168|
|RXN-19466|
|RXN-13623|
|RXN-8367|
|RXN-21702|
|RXN-12885|
|RXN1G-299|
|RXNQT-4343|
|RXN-13068|
|RXN-19449|
|RXN-13359|
|RXN-15957|
|RXN-21685|
|RXN-11974|
|RXN1G-262|
|1.14.13.72-RXN|
|1.5.5.1-RXN-YEAST|
|RXN-19364|
|RXN-19076|
|RXN-13260|
|3.4.24.42-RXN|
|RXN-21668|
|RXN1G-193|
|1.17.4.2-RXN|
|RXN-9173|
|RXN-19073|
|RXN-9347|
|RXN-21652|
|RXN-18508|
|RXN-22806|
|RXN1G-132|
|RXN-12460|
|RXN-18805|
|RXN-12878|
|RXN-21636|
|RXN-16968|
|RXN-21769|
|RXN1A0-6114|
|3.1.21.5-RXN|
|RXN-18666|
|RXN-12546|
|RXN-11408|
|RXN-20127|
|RXN-21619|
|RXN-21305|
|RXN-4230|
|RXN-18541|
|1.1.99.27-RXN|
|RXN-12076|
|RXN-14416|
|RXN-21592|
|RXN-18995|
|RXN0-5514|
|RXN-10421|
|RXN-12043|
|RXN-18343|
|RXN-774|
|RXN-14874|
|RXN-13505|
|RXN-15040|
|RXN-17899|
|3.4.22.8-RXN|
|RXN-11361|
|RXN3O-75|
|RXN-21194|
|RXN-17959|
|RXN-9728|
|RXN-19144|
|MEPROPCOA-FAD-RXN|
|RXN-11148|
|RXN-21123|
|RXN-19674|
|RXN-9650|
|RXN-17043|
|RXN-17362|
|RXN-8180|
|RXN-10664|
|RXN-20035|
|RXN-21099|
|RXN-15395|
|RXN-8347|
|RXN-9553|
|RXN-17222|
|RXN-10024|
|RXN-20973|
|RXN-20570|
|RXN-9531|
|RXN-17159|
|RXN-11935|
|1.14.13.37-RXN|
|RXN-20860|
|RXN-7617|
|RXN-19053|
|RXN-8668|
|RXN-17026|
|3.4.24.27-RXN|
|RXN-20500|
|RXN-8103|
|STEROID-11-BETA-MONOOXYGENASE-RXN|
|ACYLCOADEHYDROG-RXN|
|RXN-15108|
|HOLOCYTOCHROME-C-SYNTHASE-RXN|
|RXN-18491|
|RXN-14052|
|RXN-12608|
|RXN-20477|
|RXN-5741|
|RXN66-635|
|FMN-RED-RXN|
|RXN-20453|
|3.1.13.2-RXN|
|RXN-22924|
|RXN66-619|
|RXN-16818|
|RXN-11538|
|D-LACTATE-DEHYDROGENASE-CYTOCHROME-RXN|
|RXN-20316|
|RXN-22682|
|RXN-15998|
|RXN66-550|
|RXN-10650|
|RXN-16714|
|ARGINYLTRANSFERASE-RXN|
|RXN-14857|
|RXN-20282|
|3.4.22.35-RXN|
|RXN-13488|
|3.4.24.76-RXN|
|RXN-16148|
|RXN-22660|
|RXN-10981|
|RXN3O-227|
|RXN-15898|
|1.17.99.3-RXN|
|RXN1YI0-22|
|RXN-17936|
|RXN-16631|
|4.2.1.58-RXN|
|RXN-20204|
|RXN-22569|
|RXN-22569_REV|
|RXN-15783|
|RXN1G-884|
|RXN-8154|
|RXN-22864|
|RXN-8324|
|3.4.22.55-RXN|
|RXN-19950|
|RXN-22455|
|RXN-8624|
|RXN-15642|
|RXN1G-645|
|RXN-16466|
|3.4.21.106-RXN|
|RXN-19858|
|RXN-7593|
|RXN-17655|
|RXN-22335|
|RXN-15282|
|RXN1G-499|
|3.4.24.11-RXN|
|3-OXOACYL-ACP-REDUCT-RXN|
|RXN-22025|
|RXN-14950|
|RXN-21081|
|RXN-22001|
|3.6.4.4-RXN|
|RXN-14666|
|RXN1G-3993|
|2.7.11.19-RXN|
|RXN-19484|
|3.2.1.127-RXN|
|RXN-21720|
|RXN-20082|
|RXN-14040|
|RXN-12917|
|RXN1G-349|
|2.4.1.113-RXN|
|RXN-19463|
|RXN-3763|
|RXN-4801|
|RXN-21699|
|RXN1G-295|
|RXN-18960|
|2-OXOGLUTARATE-SYNTHASE-RXN|
|2-OXOGLUTARATE-SYNTHASE-RXN_REV|
|RXN-10115|
|RXN-19446|
|RXN-16132|
|RXN-21682|
|RXN1G-2544|
|3.4.22.14-RXN|
|3.4.24.61-RXN|
|1.3.7.3-RXN|
|RXN-13217|
|RXN-21665|
|RXN-17915|
|RXN-16642|
|RXN1G-182|
|1.14.18.2-RXN|
|RXN-19065|
|RXN-13009|
|RXN-18532|
|RXN-21649|
|RXN-16994|
|RXN-12489|
|RXN1G-1247|
|3.1.27.6-RXN|
|RXN-22827|
|RXN-8307|
|RXN-12643|
|RXN-12828|
|RXN-21633|
|RXN1A0-6104|
|SPERMIDINE-DEHYDROGENASE-RXN|
|RXN-17154|
|RXN-18616|
|RXN-12488|
|RXN-21616|
|RXN0-7310|
|RXN-18538|
|RXN-21561|
|RXN-18881|
|RXN0-5419|
|3.4.23.30-RXN|
|RXN-18233|
|RXN-19538|
|RXN-11700|
|RXN-21397|
|RXN-21061|
|RXN-11332|
|RXN-21149|
|RXN4FS-20|
|RXN-9676|
|RXN-18140|
|RXN-11136|
|RXN-16894|
|RXN-21119|
|RXN-9634|
|RXN-17312|
|RXN-18618|
|RXN-10659|
|RXN-11353|
|RXN-21068|
|RXN-9550|
|RXN-21860|
|RXN-17210|
|RXN-10020|
|RXN-20962|
|RXN0-5103|
|RXN0-6524|
|RXN-9527|
|RXN-7652|
|RXN-17148|
|PHOSPHORYLASE-PHOSPHATASE-RXN|
|3.4.24.46-RXN|
|1.14.13.76-RXN|
|RXN-20853|
|3.4.21.87-RXN|
|RXN-9177|
|RXN1F-143|
|RXN-17022|
|RXN-17888|
|RXN-20497|
|RXN-8100|
|RXN66-648|
|RXN-11085|
|RXN-16933|
|RXN-9351|
|3.1.22.2-RXN|
|RXN-22810|
|RXN-20474|
|RXN-8084|
|RXN-22956|
|RXN-15337|
|RXN-11412|
|RXN66-632|
|RXN-16883|
|RXN-4243|
|FERREDOXIN--NITRITE-REDUCTASE-RXN|
|RXN-8738|
|RXN-20450|
|RXN-16040|
|RXN-22856|
|RXN-20134|
|RXN66-616|
|CYTOCHROME-C-OXIDASE-RXN|
|RXN-20309|
|RXN-21499|
|RXN-17472|
|RXN-22678|
|RXN-15995|
|3.4.23.16-RXN|
|RXN-20661|
|RXN3O-8214|
|RXN-12047|
|RXN-16702|
|ADPREDUCT-RXN|
|RXN-20272|
|RXN-9073|
|RXN-22651|
|RXN-22651_REV|
|RXN-15894|
|RXN-13857|
|RXN1UA-7906|
|RXN-16628|
|RXN-8186|
|3.4.25.1-RXN|
|RXN-21563|
|RXN-20190|
|ALKAN-1-OL-DEHYDROGENASE-ACCEPTOR-RXN|
|RXN-22564|
|RXN-15690|
|RXN1G-853|
|RXN-16578|
|RXN-11336|
|3.4.22.52-RXN|
|RXN-20574|
|RXN-8352|
|RXN-19892|
|RXN-14480|
|CHOLESTANETETRAOL-26-DEHYDROGENASE-RXN|
|RXN1G-613|
|RXN0-4961|
|RXN-7625|
|3.4.11.16-RXN|
|RXN-13426|
|3.4.24.30-RXN|
|RXN-19852|
|3.4.21.71-RXN|
|RXN-10927|
|1.14.13.56-RXN|
|RXN-22332|
|RXN-22619|
|RXN-19057|
|RXN1G-469|
|ISOFLAVONE-2-HYDROXYLASE-RXN|
|2.7.99.1-RXN|
|RXN-19618|
|PROLINE--TRNA-LIGASE-RXN|
|RXN-19502|
|RXN-14565|
|RXN1G-384|
|RXN-8055|
|RXN-19948|
|RXN-15472|
|2.7.11.14-RXN|
|RXN-19481|
|RXN-21716|
|RXN66-663|
|RXN-13836|
|RXN-18338|
|RXN1G-334|
|CALCIDIOL-1-MONOOXYGENASE-RXN|
|RXN-19460|
|RXN-13449|
|RXN-21695|
|RXN-18829|
|RXN1G-291|
|3.4.22.39-RXN|
|1.8.4.7-RXN|
|RXN-13492|
|RXN-19443|
|RXN-12031|
|RXN-13352|
|RXN-17941|
|RXN-21679|
|RXN1G-248|
|1.21.4.3-RXN|
|RXN-19342|
|RXN3O-4042|
|RXN-13214|
|RXN-21662|
|RXN-17031|
|RXN1G-171|
|RXN-16848|
|3.1.30.2-RXN|
|1.1.2.5-RXN|
|RXN-18870|
|RXN-12849|
|RXN-21197|
|RXN-19828|
|RXN-21646|
|RXN-11311|
|RXN-4505|
|RXN1G-1117|
|PYRIDOXINE-5-DEHYDROGENASE-RXN|
|RXN-18778|
|RXN-8328|
|RXN-12586|
|RXN-11920|
|RXN-21821|
|RXN-21629|
|RXN0-5509|
|RXN185E-16|
|RXN-18605|
|RXN-18902|
|RXN-17522|
|RXN-12431|
|RXN-21612|
|3.4.21.55-RXN|
|3.4.24.15-RXN|
|RXN-18472|
|RXN-21552|
|RXN-18012|
|RXN-11688|
|RXN-21358|
|RXN-8030|
|3.1.1.74-RXN|
|RXN-15446|
|RXN-21146|
|RXN-9661|
|RXN-11120|
|RXN-21116|
|RXN-9604|
|TYROSINE-N-MONOOXYGENASE-RXN|
|RXN-17272|
|RXN-18964|
|RXN-10656|
|GLURS-RXN|
|RXN-21058|
|RXN-9542|
|RXN-17194|
|3.4.22.24-RXN|
|RNA-POLYMERASE-SUBUNIT-KINASE-RXN|
|RXN-20955|
|RXN-7679|
|RXN-9523|
|3.4.24.65-RXN|
|PALMITOTRANS-RXN|
|RXN-20789|
|RXN-8389|
|RXN-16998|
|RXN-16998_REV|
|MALONYL-ACPDECARBOX-RXN|
|RXN-20493|
|RXN-19997|
|RXN-8096|
|RXN-8096_REV|
|RXN66-645|
|RXN-16920|
|RXN-4317|
|GLYCOGEN-SYNTHASE-D-PHOSPHATASE-RXN|
|RXN-8311|
|RXN-20471|
|RXN-22941|
|--LIMONENE-6-MONOOXYGENASE-RXN|
|RXN66-629|
|RXN-16877|
|VALINE--TRNA-LIGASE-RXN|
|FAD-OX-RXN|
|RXN-20329|
|RXN-22853|
|RXN-10038|
|RXN-10038_REV|
|3.4.23.35-RXN|
|RXN66-610|
|3.4.21.36-RXN|
|RXN-16758|
|CITTRANS-RXN|
|RXN-20306|
|RXN-9098|
|RXN-22672|
|RXN-16385|
|RXN-15992|
|RXN-13883|
|RXN3O-1803|
|RXN-9636|
|ACYLACPSYNTH-RXN|
|RXN-22746|
|RXN-20269|
|RXN-22648|
|RXN-15889|
|RXN-19903|
|RXN1UA-47|
|RXN-16625|
|RXN-18453|
|3.2.1.103-RXN|
|3.4.22.67-RXN|
|RXN-15965|
|RXN-20052|
|RXN-22560|
|RXN-18945|
|RXN1G-818|
|RXN-16557|
|3.4.22.47-RXN|
|RXN-19873|
|RXN-8536|
|3.4.21.90-RXN|
|RXN-22432|
|RXN0-6528|
|RXN1G-580|
|RXN-16426|
|3.4.24.50-RXN|
|3.1.4.14-RXN|
|RXN-19849|
|RXN-22250|
|RXN-15062|
|RXN1G-460|
|3.1.26.1-RXN|
|RXN-21160|
|RXN-16278|
|RXN-18517|
|RXN-16230|
|RXN-11416|
|2.7.11.9-RXN|
|RXN-19499|
|RXN-8295|
|RXN-21795|
|RXN-21795_REV|
|RXN-14474|
|RXN-9502|
|RXN1G-37|
|RXN-14252|
|RXN-19478|
|RXN1G-3232|
|2.3.1.184-RXN|
|RXN-19456|
|3.4.23.2-RXN|
|RXN-13369|
|RXN-14754|
|RXN-21692|
|3.4.21.115-RXN|
|RXN1G-288|
|1.8.4.12-RXN|
|RXN-19439|
|RXN-13349|
|RXN-21676|
|RXN-6549|
|RXN1G-220|
|RXN-8194|
|1.2.7.7-RXN|
|1.2.7.7-RXN_REV|
|RXN-13138|
|RXN-21659|
|RXN1G-1530|
|RXN-11340|
|RXN-18867|
|ESTRADIOL-6-BETA-MONOOXYGENASE-RXN|
|RXN-12974|
|RXN-21643|
|RXN1G-1057|
|CHOLESTEROL-7-ALPHA-MONOOXYGENASE-RXN|
|RXN0-5039|
|RXN-12556|
|RXN-21626|
|RXN185E-12|
|3.4.21.75-RXN|
|RXN-13434|
|RXN-18578|
|RXN-18578_REV|
|RXN1A0-6297|
|RXN-12360|
|RXN0-6481|
|RXN-21607|
|RXN-7630|
|ISOLEUCINE--TRNA-LIGASE-RXN|
|RXN-18468|
|3.4.24.34-RXN|
|RXN-21426|
|RXN0-267|
|RXN-17987|
|RXN-11481|
|RXN-21264|
|RXN-9789|
|RXN66-667|
|RXN-11200|
|RXN-21130|
|RXN-18347|
|RXN-9658|
|RXN-17498|
|RXN-10991|
|RXN-21112|
|RXN-14229|
|RXN-21484|
|RXN-9593|
|RXN-17263|
|RNA-DIRECTED-DNA-POLYMERASE-RXN|
|3.4.22.43-RXN|
|1.1.3.36-RXN|
|RXN-10462|
|RXN0-2661|
|RXN-21037|
|RXN-18986|
|RXN-9538|
|RXN-17191|
|RIBONUCLEOSIDE-DIP-REDUCTI-RXN|
|RXN-20910|
|RXN-13497|
|RXN-9518|
|2-FUROYL-COA-DEHYDROGENASE-RXN|
|RXN-10992|
|UNSPECIFIC-MONOOXYGENASE-RXN|
|NITROGENASE-FLAVODOXIN-RXN|
|RXN-16852|
|RXN-16501|
|RXN-15384|
|RXN-8156|
|THIOREDOXIN-REDUCT-NADPH-RXN|
|RXN-19832|
|RXN-17016|
|RXN-7963|
|LEGHEMOGLOBIN-REDUCTASE-RXN|
|RXN-20488|
|RXN-7902|
|RXN66-642|
|RXN-16914|
|RXN-4512|
|GLUTAMATE-SYNTHASE-FERREDOXIN-RXN|
|RXN-20468|
|RXN-21361|
|RXN-22931|
|3.4.21.60-RXN|
|RXN-22088|
|RXN-11927|
|RXN66-626|
|RXN-16874|
|ENOYL-ACP-REDUCT-NADPH-RXN|
|RXN-22849|
|3.4.24.19-RXN|
|RXN66-598|
|RXN-16410|
|RXN-16739|
|RXN-20292|
|RXN-22668|
|RXN-15989|
|RXN-18480|
|RXN2B4Q-66|
|RXN-19215|
|RXN-16684|
|RXN-16772|
|RXN-19924|
|6.3.4.9-RXN|
|RXN-8248|
|RXN-20258|
|RXN-22616|
|RXN-15838|
|RXN-15838_REV|
|RXN-14380|
|RXN1G-98|
|RXN-16622|
|RXN-8707|
|3.4.22.62-RXN|
|RXN-22950|
|RXN-20037|
|RXN-22521|
|RXN-1485|
|3.4.22.28-RXN|
|RXN-18968|
|RXN1G-72|
|RXN0-2101|
