|3-Ac-Heptadec-2-dienoyl-BryB-PKS|
|3-Ac-Heptadecenoyl-BryB-PKS|
|3-Ac-Tetrahydroxynonanoyl-BryA-PKS|
|3-Ac-Tri-OH-Nonenoyl-BryA-PKS|
|3-MAc-Heptadec-2-dienoyl-BryB-PKS|
|3-MAc-Tri-OH-Nonenoyl-BryA-PKS|
|Acetyl-BryU-ACP|
|Acetyl-PedN-ACP|
|Ala-ClbB-PKS|
|Amino-Hydroxybenzoyl-Ansatrienin-PKS|
|Amino-Hydroxybenzoyl-Chaxamycin-PKS|
|Amino-Hydroxybenzoyl-Naphthomycin-PKS|
|Amino-Hydroxybenzoyl-PKS|
|Amino-Hydroxybenzoyl-Rifamycin-PKS|
|Amino-Hydroxybenzoyl-Streptovaricin-PKS|
|Aminomalonyl-ClbG|
|Aminomalonyl-ClbK-PKS|
|Aminomalonyl-ClbO-PKS|
|Aminomalonyl-Serine-PCP|
|Asn-ClbN-PKS|
|Aureothin-PKS|
|Branched-Nonanoyl-BryA-PKS|
|BryA-PKS|
|BryB-PKS|
|BryC-PKS|
|BryD-PKS|
|BryP-ACP|
|BryU-ACP|
|C14-Asn-Ala-ClbB-PKS|
|C14-Asn-Butan-2-aminyl-Malonyl-ClbC-PKS|
|C14-Asn-C4aminyl-Malonyl-Sam-ClbH-NRPS|
|C14-Asn-ClbN-PKS|
|C14-N-but-mal-Cyc-Ac-G-C-G-C-G-ClbO-PKS|
|C14-N-but-mal-Cyclo-Ac-ClbI-PKS|
|C14-N-but-mal-Cyclo-Ac-G-C-ClbJ-NRPS|
|C14-N-but-mal-Cyclo-Ac-G-C-G-C-ClbK-PKS|
|C14-N-but-mal-Cyclo-Ac-G-C-G-ClbK-PKS|
|C14-N-but-mal-Cyclo-Ac-G-ClbJ-NRPS|
|CPD-21799|
|CPD-21800|
|CPD-21801|
|CPD-21840|
|CPD-21851|
|CPD-21853|
|CPD-21859|
|CPD-21864|
|CPD-21865|
|CPD-21867|
|CPD-21879|
|CPD-21880|
|CPD-21882|
|CPD-21889|
|CPD-21890|
|CPD-21891|
|CPD-21892|
|CPD-21907|
|CPD-21908|
|CPD-21909|
|CPD-21911|
|CPD-21917|
|CPD-21922|
|CPD-21923|
|CPD-21935|
|CPD-21936|
|CPD-21937|
|CPD-21938|
|CPD-21939|
|CPD-21941|
|CPD-21942|
|CPD-21973|
|CPD-21974|
|CPD-21977|
|CPD-22102|
|CPD-22119|
|CPD-22159|
|CPD-22181|
|CPD-22182|
|CPD-22719|
|CPD-22720|
|CPD-22721|
|CPD-22722|
|CPD-22723|
|CPD-22724|
|CPD-22725|
|CPD-22728|
|CPD-22729|
|CPD-22758|
|CPD-22759|
|CPD-24550|
|CPD-24551|
|CPD-25391|
|CPD-25392|
|CPD-25393|
|CPD-25394|
|CPD-25395|
|CPD-25396|
|CPD-25410|
|Charged-D-Ala-Carrier-Proteins|
|ClbB-PKS|
|ClbG-Serine|
|ClbH-NRPS|
|ClbI-PKS|
|ClbJ-NRPS|
|ClbK-PKS|
|ClbN-PKS|
|ClbO-PKS|
|Cyclopropane-ClbH-NRPS|
|Cys-ClbJ-NRPS|
|Cys-ClbK-PKS|
|D-lactyl-BryA-PKS|
|Dibranched-Heptadecenoyl-BryB-PKS|
|Final-Intermediate-BryD-PKS|
|Gly-ClbJ-NRPS|
|L-3-Oxoalanyl-Serine-PCP|
|Malonyl-BryP-ACP|
|Malonyl-BryU-ACP|
|Malonyl-PedD|
|Malonyl-PedN-ACP|
|Methoxymalonyl-ACP|
|Monobranched-Heptadecenoyl-BryB-PKS|
|Nonadeca-Dienoyl-BryC-PKS|
|Nonaketide-Ansatrienin-PKS|
|Ox-Tetraketide-Chaxamycin-PKS|
|Ox-Tetraketide-Naphthomycin-PKS|
|Ox-Tetraketide-Streptovaricin-PKS|
|PedD-ACP|
|PedF-PKS|
|PedF-intermediate-1|
|PedF-intermediate-2|
|PedF-intermediate-3|
|PedI-PKS|
|PedI-intermediate-1|
|PedI-intermediate-2|
|PedI-intermediate-3|
|PedI-intermediate-4|
|PedI-intermediate-5|
|Proansamitocin-intermediate-PKS|
|Pyran-Intermediate-1-BryC-PKS|
|Pyran-Intermediate-2-BryC-PKS|
|SAM-ClbH-NRPS|
|Streptovaricin-Undecaketide-PKS|
|Tetradecaketide-Naphthomycin-PKS|
|Tetraketide-Chaxamycin-PKS|
|Tetraketide-Naphthomycin-PKS|
|Tetraketide-OH-Chaxamycin-PKS|
|Tetraketide-OH-Naphthomycin-PKS|
|Tetraketide-OH-Rifamycin-PKS|
|Tetraketide-OH-Streptovaricin-PKS|
|Tetraketide-Streptovaricin-PKS|
|Trihydroxy-3-Oxononanoyl-BryA-PKS|
|Undecaketide-Chaxamycin-PKS|
